top1,predicted_top1,rr@5,recall@5,precision@5,first_gold_rank,corpus,method,rid,n_gold
0.0,87,0.5,0.25,0.2,2,diagnostic_benchmark,tfidf,0,4
1.0,1,1.0,0.25,0.2,1,diagnostic_benchmark,bm25,0,4
0.0,87,0.5,0.25,0.2,2,diagnostic_benchmark,lsi,0,4
0.0,87,0.5,0.25,0.2,2,diagnostic_benchmark,lsi_inductive,0,4
0.0,49,0.5,0.5,0.4,2,diagnostic_benchmark,semantic,0,4
1.0,1,1.0,0.5,0.4,1,diagnostic_benchmark,reranker,0,4
0.0,87,0.5,0.25,0.2,2,diagnostic_benchmark,rrf_lexical,0,4
0.0,87,0.5,0.25,0.2,2,diagnostic_benchmark,rrf_lexical_inductive,0,4
1.0,4,1.0,0.6666666666666666,0.4,1,diagnostic_benchmark,tfidf,1,3
1.0,4,1.0,0.6666666666666666,0.4,1,diagnostic_benchmark,bm25,1,3
1.0,4,1.0,0.6666666666666666,0.4,1,diagnostic_benchmark,lsi,1,3
1.0,4,1.0,0.6666666666666666,0.4,1,diagnostic_benchmark,lsi_inductive,1,3
1.0,4,1.0,0.6666666666666666,0.4,1,diagnostic_benchmark,semantic,1,3
1.0,4,1.0,0.6666666666666666,0.4,1,diagnostic_benchmark,reranker,1,3
1.0,4,1.0,0.6666666666666666,0.4,1,diagnostic_benchmark,rrf_lexical,1,3
1.0,4,1.0,0.6666666666666666,0.4,1,diagnostic_benchmark,rrf_lexical_inductive,1,3
1.0,5,1.0,0.6666666666666666,0.4,1,diagnostic_benchmark,tfidf,2,3
1.0,6,1.0,1.0,0.6,1,diagnostic_benchmark,bm25,2,3
1.0,6,1.0,0.6666666666666666,0.4,1,diagnostic_benchmark,lsi,2,3
1.0,5,1.0,0.6666666666666666,0.4,1,diagnostic_benchmark,lsi_inductive,2,3
1.0,5,1.0,1.0,0.6,1,diagnostic_benchmark,semantic,2,3
1.0,5,1.0,0.6666666666666666,0.4,1,diagnostic_benchmark,reranker,2,3
1.0,6,1.0,0.6666666666666666,0.4,1,diagnostic_benchmark,rrf_lexical,2,3
1.0,6,1.0,0.6666666666666666,0.4,1,diagnostic_benchmark,rrf_lexical_inductive,2,3
1.0,7,1.0,1.0,0.2,1,diagnostic_benchmark,tfidf,3,1
1.0,7,1.0,1.0,0.2,1,diagnostic_benchmark,bm25,3,1
1.0,7,1.0,1.0,0.2,1,diagnostic_benchmark,lsi,3,1
1.0,7,1.0,1.0,0.2,1,diagnostic_benchmark,lsi_inductive,3,1
0.0,11,0.25,1.0,0.2,4,diagnostic_benchmark,semantic,3,1
1.0,7,1.0,1.0,0.2,1,diagnostic_benchmark,reranker,3,1
1.0,7,1.0,1.0,0.2,1,diagnostic_benchmark,rrf_lexical,3,1
1.0,7,1.0,1.0,0.2,1,diagnostic_benchmark,rrf_lexical_inductive,3,1
0.0,11,0.3333333333333333,1.0,0.2,3,diagnostic_benchmark,tfidf,4,1
1.0,8,1.0,1.0,0.2,1,diagnostic_benchmark,bm25,4,1
0.0,11,0.3333333333333333,1.0,0.2,3,diagnostic_benchmark,lsi,4,1
0.0,11,0.3333333333333333,1.0,0.2,3,diagnostic_benchmark,lsi_inductive,4,1
0.0,49,0.5,1.0,0.2,2,diagnostic_benchmark,semantic,4,1
1.0,8,1.0,1.0,0.2,1,diagnostic_benchmark,reranker,4,1
0.0,11,0.5,1.0,0.2,2,diagnostic_benchmark,rrf_lexical,4,1
0.0,11,0.5,1.0,0.2,2,diagnostic_benchmark,rrf_lexical_inductive,4,1
0.0,7,0.3333333333333333,1.0,0.2,3,diagnostic_benchmark,tfidf,5,1
0.0,7,0.5,1.0,0.2,2,diagnostic_benchmark,bm25,5,1
0.0,7,0.5,1.0,0.2,2,diagnostic_benchmark,lsi,5,1
0.0,7,0.5,1.0,0.2,2,diagnostic_benchmark,lsi_inductive,5,1
0.0,4,0.25,1.0,0.2,4,diagnostic_benchmark,semantic,5,1
1.0,9,1.0,1.0,0.2,1,diagnostic_benchmark,reranker,5,1
0.0,7,0.5,1.0,0.2,2,diagnostic_benchmark,rrf_lexical,5,1
0.0,7,0.5,1.0,0.2,2,diagnostic_benchmark,rrf_lexical_inductive,5,1
0.0,50,0.5,1.0,0.2,2,diagnostic_benchmark,tfidf,6,1
0.0,50,0.5,1.0,0.2,2,diagnostic_benchmark,bm25,6,1
0.0,50,0.5,1.0,0.2,2,diagnostic_benchmark,lsi,6,1
0.0,50,0.5,1.0,0.2,2,diagnostic_benchmark,lsi_inductive,6,1
1.0,10,1.0,1.0,0.2,1,diagnostic_benchmark,semantic,6,1
0.0,50,0.5,1.0,0.2,2,diagnostic_benchmark,reranker,6,1
0.0,50,0.5,1.0,0.2,2,diagnostic_benchmark,rrf_lexical,6,1
0.0,50,0.5,1.0,0.2,2,diagnostic_benchmark,rrf_lexical_inductive,6,1
1.0,11,1.0,1.0,0.2,1,diagnostic_benchmark,tfidf,7,1
1.0,11,1.0,1.0,0.2,1,diagnostic_benchmark,bm25,7,1
1.0,11,1.0,1.0,0.2,1,diagnostic_benchmark,lsi,7,1
1.0,11,1.0,1.0,0.2,1,diagnostic_benchmark,lsi_inductive,7,1
1.0,11,1.0,1.0,0.2,1,diagnostic_benchmark,semantic,7,1
1.0,11,1.0,1.0,0.2,1,diagnostic_benchmark,reranker,7,1
1.0,11,1.0,1.0,0.2,1,diagnostic_benchmark,rrf_lexical,7,1
1.0,11,1.0,1.0,0.2,1,diagnostic_benchmark,rrf_lexical_inductive,7,1
0.0,78,0.5,0.3333333333333333,0.2,2,diagnostic_benchmark,tfidf,8,3
0.0,78,0.0,0.0,0.0,9,diagnostic_benchmark,bm25,8,3
0.0,78,0.5,0.3333333333333333,0.2,2,diagnostic_benchmark,lsi,8,3
0.0,78,0.5,0.3333333333333333,0.2,2,diagnostic_benchmark,lsi_inductive,8,3
0.0,78,0.3333333333333333,0.3333333333333333,0.2,3,diagnostic_benchmark,semantic,8,3
0.0,78,0.5,0.3333333333333333,0.2,2,diagnostic_benchmark,reranker,8,3
0.0,78,0.3333333333333333,0.6666666666666666,0.4,3,diagnostic_benchmark,rrf_lexical,8,3
0.0,78,0.3333333333333333,0.3333333333333333,0.2,3,diagnostic_benchmark,rrf_lexical_inductive,8,3
0.0,22,0.3333333333333333,0.6666666666666666,0.4,3,diagnostic_benchmark,tfidf,9,3
0.0,13,0.5,0.3333333333333333,0.2,2,diagnostic_benchmark,bm25,9,3
0.0,13,0.3333333333333333,0.6666666666666666,0.4,3,diagnostic_benchmark,lsi,9,3
0.0,13,0.3333333333333333,0.6666666666666666,0.4,3,diagnostic_benchmark,lsi_inductive,9,3
1.0,14,1.0,0.3333333333333333,0.2,1,diagnostic_benchmark,semantic,9,3
0.0,13,0.5,0.6666666666666666,0.4,2,diagnostic_benchmark,reranker,9,3
0.0,13,0.3333333333333333,0.6666666666666666,0.4,3,diagnostic_benchmark,rrf_lexical,9,3
0.0,13,0.3333333333333333,0.6666666666666666,0.4,3,diagnostic_benchmark,rrf_lexical_inductive,9,3
1.0,16,1.0,1.0,0.2,1,diagnostic_benchmark,tfidf,10,1
1.0,16,1.0,1.0,0.2,1,diagnostic_benchmark,bm25,10,1
1.0,16,1.0,1.0,0.2,1,diagnostic_benchmark,lsi,10,1
1.0,16,1.0,1.0,0.2,1,diagnostic_benchmark,lsi_inductive,10,1
0.0,52,0.5,1.0,0.2,2,diagnostic_benchmark,semantic,10,1
1.0,16,1.0,1.0,0.2,1,diagnostic_benchmark,reranker,10,1
1.0,16,1.0,1.0,0.2,1,diagnostic_benchmark,rrf_lexical,10,1
1.0,16,1.0,1.0,0.2,1,diagnostic_benchmark,rrf_lexical_inductive,10,1
0.0,86,0.0,0.0,0.0,56,diagnostic_benchmark,tfidf,11,2
0.0,86,0.0,0.0,0.0,8,diagnostic_benchmark,bm25,11,2
0.0,86,0.0,0.0,0.0,76,diagnostic_benchmark,lsi,11,2
0.0,86,0.0,0.0,0.0,86,diagnostic_benchmark,lsi_inductive,11,2
0.0,11,0.0,0.0,0.0,10,diagnostic_benchmark,semantic,11,2
0.0,11,0.0,0.0,0.0,9,diagnostic_benchmark,reranker,11,2
0.0,86,0.0,0.0,0.0,46,diagnostic_benchmark,rrf_lexical,11,2
0.0,86,0.0,0.0,0.0,44,diagnostic_benchmark,rrf_lexical_inductive,11,2
0.0,56,0.0,0.0,0.0,67,diagnostic_benchmark,tfidf,12,1
0.0,56,0.0,0.0,0.0,73,diagnostic_benchmark,bm25,12,1
0.0,56,0.0,0.0,0.0,80,diagnostic_benchmark,lsi,12,1
0.0,56,0.0,0.0,0.0,91,diagnostic_benchmark,lsi_inductive,12,1
1.0,18,1.0,1.0,0.2,1,diagnostic_benchmark,semantic,12,1
0.0,56,0.0,0.0,0.0,10,diagnostic_benchmark,reranker,12,1
0.0,56,0.0,0.0,0.0,85,diagnostic_benchmark,rrf_lexical,12,1
0.0,56,0.0,0.0,0.0,92,diagnostic_benchmark,rrf_lexical_inductive,12,1
0.0,93,0.0,0.0,0.0,62,diagnostic_benchmark,tfidf,13,1
0.0,17,0.0,0.0,0.0,67,diagnostic_benchmark,bm25,13,1
0.0,93,0.0,0.0,0.0,107,diagnostic_benchmark,lsi,13,1
0.0,93,0.0,0.0,0.0,68,diagnostic_benchmark,lsi_inductive,13,1
1.0,19,1.0,1.0,0.2,1,diagnostic_benchmark,semantic,13,1
0.0,48,0.0,0.0,0.0,6,diagnostic_benchmark,reranker,13,1
0.0,93,0.0,0.0,0.0,89,diagnostic_benchmark,rrf_lexical,13,1
0.0,93,0.0,0.0,0.0,78,diagnostic_benchmark,rrf_lexical_inductive,13,1
1.0,21,1.0,1.0,0.4,1,diagnostic_benchmark,tfidf,14,2
1.0,21,1.0,1.0,0.4,1,diagnostic_benchmark,bm25,14,2
1.0,21,1.0,1.0,0.4,1,diagnostic_benchmark,lsi,14,2
1.0,21,1.0,1.0,0.4,1,diagnostic_benchmark,lsi_inductive,14,2
1.0,21,1.0,1.0,0.4,1,diagnostic_benchmark,semantic,14,2
1.0,21,1.0,1.0,0.4,1,diagnostic_benchmark,reranker,14,2
1.0,21,1.0,1.0,0.4,1,diagnostic_benchmark,rrf_lexical,14,2
1.0,21,1.0,1.0,0.4,1,diagnostic_benchmark,rrf_lexical_inductive,14,2
0.0,30,0.0,0.0,0.0,59,diagnostic_benchmark,tfidf,15,1
0.0,30,0.0,0.0,0.0,16,diagnostic_benchmark,bm25,15,1
0.0,30,0.0,0.0,0.0,92,diagnostic_benchmark,lsi,15,1
0.0,30,0.0,0.0,0.0,24,diagnostic_benchmark,lsi_inductive,15,1
1.0,22,1.0,1.0,0.2,1,diagnostic_benchmark,semantic,15,1
0.0,78,0.2,1.0,0.2,5,diagnostic_benchmark,reranker,15,1
0.0,30,0.0,0.0,0.0,51,diagnostic_benchmark,rrf_lexical,15,1
0.0,30,0.0,0.0,0.0,20,diagnostic_benchmark,rrf_lexical_inductive,15,1
0.0,34,0.25,0.5,0.2,4,diagnostic_benchmark,tfidf,16,2
0.0,6,0.2,0.5,0.2,5,diagnostic_benchmark,bm25,16,2
0.0,103,0.5,0.5,0.2,2,diagnostic_benchmark,lsi,16,2
0.0,34,0.25,0.5,0.2,4,diagnostic_benchmark,lsi_inductive,16,2
0.0,62,0.5,1.0,0.4,2,diagnostic_benchmark,semantic,16,2
0.0,6,0.25,0.5,0.2,4,diagnostic_benchmark,reranker,16,2
0.0,103,0.2,0.5,0.2,5,diagnostic_benchmark,rrf_lexical,16,2
0.0,34,0.2,0.5,0.2,5,diagnostic_benchmark,rrf_lexical_inductive,16,2
0.0,11,0.0,0.0,0.0,13,diagnostic_benchmark,tfidf,17,2
0.0,11,0.0,0.0,0.0,14,diagnostic_benchmark,bm25,17,2
0.0,11,0.0,0.0,0.0,11,diagnostic_benchmark,lsi,17,2
0.0,11,0.0,0.0,0.0,10,diagnostic_benchmark,lsi_inductive,17,2
1.0,70,1.0,1.0,0.4,1,diagnostic_benchmark,semantic,17,2
0.0,34,0.5,0.5,0.2,2,diagnostic_benchmark,reranker,17,2
0.0,11,0.0,0.0,0.0,6,diagnostic_benchmark,rrf_lexical,17,2
0.0,11,0.0,0.0,0.0,21,diagnostic_benchmark,rrf_lexical_inductive,17,2
1.0,25,1.0,1.0,0.2,1,diagnostic_benchmark,tfidf,18,1
0.0,34,0.0,0.0,0.0,7,diagnostic_benchmark,bm25,18,1
0.0,29,0.3333333333333333,1.0,0.2,3,diagnostic_benchmark,lsi,18,1
0.0,31,0.5,1.0,0.2,2,diagnostic_benchmark,lsi_inductive,18,1
0.0,49,0.5,1.0,0.2,2,diagnostic_benchmark,semantic,18,1
0.0,20,0.25,1.0,0.2,4,diagnostic_benchmark,reranker,18,1
0.0,29,0.3333333333333333,1.0,0.2,3,diagnostic_benchmark,rrf_lexical,18,1
0.0,31,0.3333333333333333,1.0,0.2,3,diagnostic_benchmark,rrf_lexical_inductive,18,1
0.0,34,0.0,0.0,0.0,12,diagnostic_benchmark,tfidf,19,2
0.0,95,0.0,0.0,0.0,15,diagnostic_benchmark,bm25,19,2
0.0,95,0.0,0.0,0.0,52,diagnostic_benchmark,lsi,19,2
0.0,34,0.0,0.0,0.0,47,diagnostic_benchmark,lsi_inductive,19,2
0.0,18,0.0,0.0,0.0,6,diagnostic_benchmark,semantic,19,2
0.0,95,0.0,0.0,0.0,6,diagnostic_benchmark,reranker,19,2
0.0,95,0.0,0.0,0.0,15,diagnostic_benchmark,rrf_lexical,19,2
0.0,34,0.0,0.0,0.0,18,diagnostic_benchmark,rrf_lexical_inductive,19,2
0.0,47,0.0,0.0,0.0,17,diagnostic_benchmark,tfidf,20,2
0.0,47,0.0,0.0,0.0,20,diagnostic_benchmark,bm25,20,2
0.0,47,0.0,0.0,0.0,16,diagnostic_benchmark,lsi,20,2
0.0,47,0.0,0.0,0.0,16,diagnostic_benchmark,lsi_inductive,20,2
0.0,36,0.5,0.5,0.2,2,diagnostic_benchmark,semantic,20,2
0.0,36,0.0,0.0,0.0,12,diagnostic_benchmark,reranker,20,2
0.0,47,0.0,0.0,0.0,17,diagnostic_benchmark,rrf_lexical,20,2
0.0,47,0.0,0.0,0.0,17,diagnostic_benchmark,rrf_lexical_inductive,20,2
0.0,36,0.0,0.0,0.0,9,diagnostic_benchmark,tfidf,21,1
0.0,29,0.0,0.0,0.0,18,diagnostic_benchmark,bm25,21,1
0.0,36,0.0,0.0,0.0,7,diagnostic_benchmark,lsi,21,1
0.0,29,0.2,1.0,0.2,5,diagnostic_benchmark,lsi_inductive,21,1
0.0,29,0.0,0.0,0.0,6,diagnostic_benchmark,semantic,21,1
0.0,29,0.2,1.0,0.2,5,diagnostic_benchmark,reranker,21,1
0.0,36,0.0,0.0,0.0,11,diagnostic_benchmark,rrf_lexical,21,1
0.0,29,0.0,0.0,0.0,10,diagnostic_benchmark,rrf_lexical_inductive,21,1
1.0,29,1.0,1.0,0.2,1,diagnostic_benchmark,tfidf,22,1
1.0,29,1.0,1.0,0.2,1,diagnostic_benchmark,bm25,22,1
1.0,29,1.0,1.0,0.2,1,diagnostic_benchmark,lsi,22,1
1.0,29,1.0,1.0,0.2,1,diagnostic_benchmark,lsi_inductive,22,1
1.0,29,1.0,1.0,0.2,1,diagnostic_benchmark,semantic,22,1
1.0,29,1.0,1.0,0.2,1,diagnostic_benchmark,reranker,22,1
1.0,29,1.0,1.0,0.2,1,diagnostic_benchmark,rrf_lexical,22,1
1.0,29,1.0,1.0,0.2,1,diagnostic_benchmark,rrf_lexical_inductive,22,1
1.0,30,1.0,0.5,0.2,1,diagnostic_benchmark,tfidf,23,2
1.0,30,1.0,0.5,0.2,1,diagnostic_benchmark,bm25,23,2
1.0,30,1.0,0.5,0.2,1,diagnostic_benchmark,lsi,23,2
1.0,30,1.0,0.5,0.2,1,diagnostic_benchmark,lsi_inductive,23,2
1.0,74,1.0,0.5,0.2,1,diagnostic_benchmark,semantic,23,2
0.0,35,0.25,0.5,0.2,4,diagnostic_benchmark,reranker,23,2
1.0,30,1.0,0.5,0.2,1,diagnostic_benchmark,rrf_lexical,23,2
1.0,30,1.0,0.5,0.2,1,diagnostic_benchmark,rrf_lexical_inductive,23,2
1.0,31,1.0,1.0,0.2,1,diagnostic_benchmark,tfidf,24,1
1.0,31,1.0,1.0,0.2,1,diagnostic_benchmark,bm25,24,1
1.0,31,1.0,1.0,0.2,1,diagnostic_benchmark,lsi,24,1
1.0,31,1.0,1.0,0.2,1,diagnostic_benchmark,lsi_inductive,24,1
1.0,31,1.0,1.0,0.2,1,diagnostic_benchmark,semantic,24,1
1.0,31,1.0,1.0,0.2,1,diagnostic_benchmark,reranker,24,1
1.0,31,1.0,1.0,0.2,1,diagnostic_benchmark,rrf_lexical,24,1
1.0,31,1.0,1.0,0.2,1,diagnostic_benchmark,rrf_lexical_inductive,24,1
1.0,32,1.0,0.5,0.2,1,diagnostic_benchmark,tfidf,25,2
0.0,80,0.5,0.5,0.2,2,diagnostic_benchmark,bm25,25,2
0.0,80,0.3333333333333333,0.5,0.2,3,diagnostic_benchmark,lsi,25,2
1.0,32,1.0,0.5,0.2,1,diagnostic_benchmark,lsi_inductive,25,2
1.0,32,1.0,0.5,0.2,1,diagnostic_benchmark,semantic,25,2
1.0,32,1.0,0.5,0.2,1,diagnostic_benchmark,reranker,25,2
0.0,80,0.5,0.5,0.2,2,diagnostic_benchmark,rrf_lexical,25,2
1.0,32,1.0,0.5,0.2,1,diagnostic_benchmark,rrf_lexical_inductive,25,2
1.0,33,1.0,1.0,0.2,1,diagnostic_benchmark,tfidf,26,1
1.0,33,1.0,1.0,0.2,1,diagnostic_benchmark,bm25,26,1
1.0,33,1.0,1.0,0.2,1,diagnostic_benchmark,lsi,26,1
1.0,33,1.0,1.0,0.2,1,diagnostic_benchmark,lsi_inductive,26,1
1.0,33,1.0,1.0,0.2,1,diagnostic_benchmark,semantic,26,1
1.0,33,1.0,1.0,0.2,1,diagnostic_benchmark,reranker,26,1
1.0,33,1.0,1.0,0.2,1,diagnostic_benchmark,rrf_lexical,26,1
1.0,33,1.0,1.0,0.2,1,diagnostic_benchmark,rrf_lexical_inductive,26,1
0.0,36,0.0,0.0,0.0,7,diagnostic_benchmark,tfidf,27,2
0.0,33,0.5,0.5,0.2,2,diagnostic_benchmark,bm25,27,2
1.0,34,1.0,0.5,0.2,1,diagnostic_benchmark,lsi,27,2
0.0,29,0.2,0.5,0.2,5,diagnostic_benchmark,lsi_inductive,27,2
0.0,32,0.3333333333333333,1.0,0.4,3,diagnostic_benchmark,semantic,27,2
0.0,35,0.25,0.5,0.2,4,diagnostic_benchmark,reranker,27,2
1.0,34,1.0,0.5,0.2,1,diagnostic_benchmark,rrf_lexical,27,2
0.0,29,0.2,0.5,0.2,5,diagnostic_benchmark,rrf_lexical_inductive,27,2
1.0,35,1.0,1.0,0.2,1,diagnostic_benchmark,tfidf,28,1
1.0,35,1.0,1.0,0.2,1,diagnostic_benchmark,bm25,28,1
1.0,35,1.0,1.0,0.2,1,diagnostic_benchmark,lsi,28,1
1.0,35,1.0,1.0,0.2,1,diagnostic_benchmark,lsi_inductive,28,1
1.0,35,1.0,1.0,0.2,1,diagnostic_benchmark,semantic,28,1
1.0,35,1.0,1.0,0.2,1,diagnostic_benchmark,reranker,28,1
1.0,35,1.0,1.0,0.2,1,diagnostic_benchmark,rrf_lexical,28,1
1.0,35,1.0,1.0,0.2,1,diagnostic_benchmark,rrf_lexical_inductive,28,1
0.0,89,0.5,1.0,0.2,2,diagnostic_benchmark,tfidf,29,1
0.0,89,0.5,1.0,0.2,2,diagnostic_benchmark,bm25,29,1
0.0,89,0.5,1.0,0.2,2,diagnostic_benchmark,lsi,29,1
0.0,89,0.5,1.0,0.2,2,diagnostic_benchmark,lsi_inductive,29,1
0.0,32,0.0,0.0,0.0,10,diagnostic_benchmark,semantic,29,1
0.0,47,0.25,1.0,0.2,4,diagnostic_benchmark,reranker,29,1
0.0,89,0.5,1.0,0.2,2,diagnostic_benchmark,rrf_lexical,29,1
0.0,89,0.5,1.0,0.2,2,diagnostic_benchmark,rrf_lexical_inductive,29,1
1.0,37,1.0,0.5,0.2,1,diagnostic_benchmark,tfidf,30,2
0.0,31,0.0,0.0,0.0,6,diagnostic_benchmark,bm25,30,2
0.0,24,0.5,0.5,0.2,2,diagnostic_benchmark,lsi,30,2
0.0,24,0.25,0.5,0.2,4,diagnostic_benchmark,lsi_inductive,30,2
1.0,37,1.0,0.5,0.2,1,diagnostic_benchmark,semantic,30,2
1.0,37,1.0,0.5,0.2,1,diagnostic_benchmark,reranker,30,2
1.0,37,1.0,0.5,0.2,1,diagnostic_benchmark,rrf_lexical,30,2
0.0,52,0.3333333333333333,1.0,0.4,3,diagnostic_benchmark,rrf_lexical_inductive,30,2
0.0,94,0.0,0.0,0.0,6,diagnostic_benchmark,tfidf,31,2
0.0,40,0.0,0.0,0.0,14,diagnostic_benchmark,bm25,31,2
0.0,94,0.0,0.0,0.0,14,diagnostic_benchmark,lsi,31,2
0.0,94,0.0,0.0,0.0,47,diagnostic_benchmark,lsi_inductive,31,2
0.0,40,0.0,0.0,0.0,6,diagnostic_benchmark,semantic,31,2
1.0,38,1.0,0.5,0.2,1,diagnostic_benchmark,reranker,31,2
0.0,94,0.0,0.0,0.0,6,diagnostic_benchmark,rrf_lexical,31,2
0.0,94,0.0,0.0,0.0,9,diagnostic_benchmark,rrf_lexical_inductive,31,2
1.0,39,1.0,0.5,0.2,1,diagnostic_benchmark,tfidf,32,2
1.0,39,1.0,0.5,0.2,1,diagnostic_benchmark,bm25,32,2
1.0,39,1.0,0.5,0.2,1,diagnostic_benchmark,lsi,32,2
1.0,39,1.0,0.5,0.2,1,diagnostic_benchmark,lsi_inductive,32,2
1.0,39,1.0,0.5,0.2,1,diagnostic_benchmark,semantic,32,2
1.0,39,1.0,0.5,0.2,1,diagnostic_benchmark,reranker,32,2
1.0,39,1.0,0.5,0.2,1,diagnostic_benchmark,rrf_lexical,32,2
1.0,39,1.0,0.5,0.2,1,diagnostic_benchmark,rrf_lexical_inductive,32,2
1.0,40,1.0,1.0,0.2,1,diagnostic_benchmark,tfidf,33,1
1.0,40,1.0,1.0,0.2,1,diagnostic_benchmark,bm25,33,1
1.0,40,1.0,1.0,0.2,1,diagnostic_benchmark,lsi,33,1
1.0,40,1.0,1.0,0.2,1,diagnostic_benchmark,lsi_inductive,33,1
1.0,40,1.0,1.0,0.2,1,diagnostic_benchmark,semantic,33,1
1.0,40,1.0,1.0,0.2,1,diagnostic_benchmark,reranker,33,1
1.0,40,1.0,1.0,0.2,1,diagnostic_benchmark,rrf_lexical,33,1
1.0,40,1.0,1.0,0.2,1,diagnostic_benchmark,rrf_lexical_inductive,33,1
1.0,41,1.0,1.0,0.2,1,diagnostic_benchmark,tfidf,34,1
1.0,41,1.0,1.0,0.2,1,diagnostic_benchmark,bm25,34,1
0.0,42,0.5,1.0,0.2,2,diagnostic_benchmark,lsi,34,1
0.0,42,0.5,1.0,0.2,2,diagnostic_benchmark,lsi_inductive,34,1
1.0,41,1.0,1.0,0.2,1,diagnostic_benchmark,semantic,34,1
1.0,41,1.0,1.0,0.2,1,diagnostic_benchmark,reranker,34,1
1.0,41,1.0,1.0,0.2,1,diagnostic_benchmark,rrf_lexical,34,1
1.0,41,1.0,1.0,0.2,1,diagnostic_benchmark,rrf_lexical_inductive,34,1
0.0,102,0.0,0.0,0.0,98,diagnostic_benchmark,tfidf,35,1
0.0,83,0.0,0.0,0.0,104,diagnostic_benchmark,bm25,35,1
0.0,83,0.0,0.0,0.0,87,diagnostic_benchmark,lsi,35,1
0.0,102,0.0,0.0,0.0,66,diagnostic_benchmark,lsi_inductive,35,1
0.0,27,0.0,0.0,0.0,14,diagnostic_benchmark,semantic,35,1
0.0,27,0.0,0.0,0.0,18,diagnostic_benchmark,reranker,35,1
0.0,83,0.0,0.0,0.0,104,diagnostic_benchmark,rrf_lexical,35,1
0.0,83,0.0,0.0,0.0,101,diagnostic_benchmark,rrf_lexical_inductive,35,1
0.0,30,0.0,0.0,0.0,95,diagnostic_benchmark,tfidf,36,1
0.0,30,0.0,0.0,0.0,97,diagnostic_benchmark,bm25,36,1
0.0,30,0.0,0.0,0.0,83,diagnostic_benchmark,lsi,36,1
0.0,30,0.0,0.0,0.0,107,diagnostic_benchmark,lsi_inductive,36,1
0.0,59,0.3333333333333333,1.0,0.2,3,diagnostic_benchmark,semantic,36,1
0.0,60,0.0,0.0,0.0,14,diagnostic_benchmark,reranker,36,1
0.0,30,0.0,0.0,0.0,101,diagnostic_benchmark,rrf_lexical,36,1
0.0,30,0.0,0.0,0.0,106,diagnostic_benchmark,rrf_lexical_inductive,36,1
1.0,44,1.0,1.0,0.2,1,diagnostic_benchmark,tfidf,37,1
1.0,44,1.0,1.0,0.2,1,diagnostic_benchmark,bm25,37,1
1.0,44,1.0,1.0,0.2,1,diagnostic_benchmark,lsi,37,1
1.0,44,1.0,1.0,0.2,1,diagnostic_benchmark,lsi_inductive,37,1
1.0,44,1.0,1.0,0.2,1,diagnostic_benchmark,semantic,37,1
1.0,44,1.0,1.0,0.2,1,diagnostic_benchmark,reranker,37,1
1.0,44,1.0,1.0,0.2,1,diagnostic_benchmark,rrf_lexical,37,1
1.0,44,1.0,1.0,0.2,1,diagnostic_benchmark,rrf_lexical_inductive,37,1
1.0,45,1.0,1.0,0.2,1,diagnostic_benchmark,tfidf,38,1
1.0,45,1.0,1.0,0.2,1,diagnostic_benchmark,bm25,38,1
1.0,45,1.0,1.0,0.2,1,diagnostic_benchmark,lsi,38,1
1.0,45,1.0,1.0,0.2,1,diagnostic_benchmark,lsi_inductive,38,1
1.0,45,1.0,1.0,0.2,1,diagnostic_benchmark,semantic,38,1
1.0,45,1.0,1.0,0.2,1,diagnostic_benchmark,reranker,38,1
1.0,45,1.0,1.0,0.2,1,diagnostic_benchmark,rrf_lexical,38,1
1.0,45,1.0,1.0,0.2,1,diagnostic_benchmark,rrf_lexical_inductive,38,1
1.0,46,1.0,1.0,0.2,1,diagnostic_benchmark,tfidf,39,1
1.0,46,1.0,1.0,0.2,1,diagnostic_benchmark,bm25,39,1
1.0,46,1.0,1.0,0.2,1,diagnostic_benchmark,lsi,39,1
1.0,46,1.0,1.0,0.2,1,diagnostic_benchmark,lsi_inductive,39,1
1.0,46,1.0,1.0,0.2,1,diagnostic_benchmark,semantic,39,1
1.0,46,1.0,1.0,0.2,1,diagnostic_benchmark,reranker,39,1
1.0,46,1.0,1.0,0.2,1,diagnostic_benchmark,rrf_lexical,39,1
1.0,46,1.0,1.0,0.2,1,diagnostic_benchmark,rrf_lexical_inductive,39,1
1.0,47,1.0,1.0,0.2,1,diagnostic_benchmark,tfidf,40,1
1.0,47,1.0,1.0,0.2,1,diagnostic_benchmark,bm25,40,1
1.0,47,1.0,1.0,0.2,1,diagnostic_benchmark,lsi,40,1
1.0,47,1.0,1.0,0.2,1,diagnostic_benchmark,lsi_inductive,40,1
1.0,47,1.0,1.0,0.2,1,diagnostic_benchmark,semantic,40,1
1.0,47,1.0,1.0,0.2,1,diagnostic_benchmark,reranker,40,1
1.0,47,1.0,1.0,0.2,1,diagnostic_benchmark,rrf_lexical,40,1
1.0,47,1.0,1.0,0.2,1,diagnostic_benchmark,rrf_lexical_inductive,40,1
0.0,19,0.25,1.0,0.2,4,diagnostic_benchmark,tfidf,41,1
0.0,19,0.2,1.0,0.2,5,diagnostic_benchmark,bm25,41,1
0.0,19,0.0,0.0,0.0,9,diagnostic_benchmark,lsi,41,1
0.0,19,0.2,1.0,0.2,5,diagnostic_benchmark,lsi_inductive,41,1
0.0,19,0.5,1.0,0.2,2,diagnostic_benchmark,semantic,41,1
0.0,19,0.5,1.0,0.2,2,diagnostic_benchmark,reranker,41,1
0.0,19,0.0,0.0,0.0,6,diagnostic_benchmark,rrf_lexical,41,1
0.0,19,0.2,1.0,0.2,5,diagnostic_benchmark,rrf_lexical_inductive,41,1
1.0,49,1.0,1.0,0.2,1,diagnostic_benchmark,tfidf,42,1
1.0,49,1.0,1.0,0.2,1,diagnostic_benchmark,bm25,42,1
1.0,49,1.0,1.0,0.2,1,diagnostic_benchmark,lsi,42,1
1.0,49,1.0,1.0,0.2,1,diagnostic_benchmark,lsi_inductive,42,1
1.0,49,1.0,1.0,0.2,1,diagnostic_benchmark,semantic,42,1
1.0,49,1.0,1.0,0.2,1,diagnostic_benchmark,reranker,42,1
1.0,49,1.0,1.0,0.2,1,diagnostic_benchmark,rrf_lexical,42,1
1.0,49,1.0,1.0,0.2,1,diagnostic_benchmark,rrf_lexical_inductive,42,1
1.0,50,1.0,0.5,0.2,1,diagnostic_benchmark,tfidf,43,2
1.0,50,1.0,0.5,0.2,1,diagnostic_benchmark,bm25,43,2
1.0,50,1.0,0.5,0.2,1,diagnostic_benchmark,lsi,43,2
1.0,50,1.0,0.5,0.2,1,diagnostic_benchmark,lsi_inductive,43,2
1.0,50,1.0,1.0,0.4,1,diagnostic_benchmark,semantic,43,2
1.0,50,1.0,1.0,0.4,1,diagnostic_benchmark,reranker,43,2
1.0,50,1.0,0.5,0.2,1,diagnostic_benchmark,rrf_lexical,43,2
1.0,50,1.0,0.5,0.2,1,diagnostic_benchmark,rrf_lexical_inductive,43,2
0.0,53,0.25,0.5,0.2,4,diagnostic_benchmark,tfidf,44,2
0.0,12,0.3333333333333333,0.5,0.2,3,diagnostic_benchmark,bm25,44,2
0.0,98,0.2,0.5,0.2,5,diagnostic_benchmark,lsi,44,2
0.0,53,0.25,0.5,0.2,4,diagnostic_benchmark,lsi_inductive,44,2
1.0,51,1.0,0.5,0.2,1,diagnostic_benchmark,semantic,44,2
0.0,53,0.5,0.5,0.2,2,diagnostic_benchmark,reranker,44,2
0.0,53,0.25,0.5,0.2,4,diagnostic_benchmark,rrf_lexical,44,2
0.0,53,0.25,0.5,0.2,4,diagnostic_benchmark,rrf_lexical_inductive,44,2
1.0,52,1.0,1.0,0.2,1,diagnostic_benchmark,tfidf,45,1
0.0,12,0.5,1.0,0.2,2,diagnostic_benchmark,bm25,45,1
0.0,16,0.3333333333333333,1.0,0.2,3,diagnostic_benchmark,lsi,45,1
0.0,16,0.5,1.0,0.2,2,diagnostic_benchmark,lsi_inductive,45,1
1.0,52,1.0,1.0,0.2,1,diagnostic_benchmark,semantic,45,1
1.0,52,1.0,1.0,0.2,1,diagnostic_benchmark,reranker,45,1
1.0,52,1.0,1.0,0.2,1,diagnostic_benchmark,rrf_lexical,45,1
1.0,52,1.0,1.0,0.2,1,diagnostic_benchmark,rrf_lexical_inductive,45,1
1.0,53,1.0,1.0,0.2,1,diagnostic_benchmark,tfidf,46,1
1.0,53,1.0,1.0,0.2,1,diagnostic_benchmark,bm25,46,1
1.0,53,1.0,1.0,0.2,1,diagnostic_benchmark,lsi,46,1
1.0,53,1.0,1.0,0.2,1,diagnostic_benchmark,lsi_inductive,46,1
1.0,53,1.0,1.0,0.2,1,diagnostic_benchmark,semantic,46,1
1.0,53,1.0,1.0,0.2,1,diagnostic_benchmark,reranker,46,1
1.0,53,1.0,1.0,0.2,1,diagnostic_benchmark,rrf_lexical,46,1
1.0,53,1.0,1.0,0.2,1,diagnostic_benchmark,rrf_lexical_inductive,46,1
1.0,54,1.0,1.0,0.2,1,diagnostic_benchmark,tfidf,47,1
1.0,54,1.0,1.0,0.2,1,diagnostic_benchmark,bm25,47,1
1.0,54,1.0,1.0,0.2,1,diagnostic_benchmark,lsi,47,1
1.0,54,1.0,1.0,0.2,1,diagnostic_benchmark,lsi_inductive,47,1
1.0,54,1.0,1.0,0.2,1,diagnostic_benchmark,semantic,47,1
1.0,54,1.0,1.0,0.2,1,diagnostic_benchmark,reranker,47,1
1.0,54,1.0,1.0,0.2,1,diagnostic_benchmark,rrf_lexical,47,1
1.0,54,1.0,1.0,0.2,1,diagnostic_benchmark,rrf_lexical_inductive,47,1
1.0,55,1.0,0.5,0.2,1,diagnostic_benchmark,tfidf,48,2
1.0,55,1.0,0.5,0.2,1,diagnostic_benchmark,bm25,48,2
1.0,55,1.0,0.5,0.2,1,diagnostic_benchmark,lsi,48,2
1.0,55,1.0,0.5,0.2,1,diagnostic_benchmark,lsi_inductive,48,2
1.0,55,1.0,1.0,0.4,1,diagnostic_benchmark,semantic,48,2
1.0,55,1.0,0.5,0.2,1,diagnostic_benchmark,reranker,48,2
1.0,55,1.0,0.5,0.2,1,diagnostic_benchmark,rrf_lexical,48,2
1.0,55,1.0,0.5,0.2,1,diagnostic_benchmark,rrf_lexical_inductive,48,2
0.0,44,0.5,1.0,0.2,2,diagnostic_benchmark,tfidf,49,1
0.0,44,0.3333333333333333,1.0,0.2,3,diagnostic_benchmark,bm25,49,1
0.0,44,0.5,1.0,0.2,2,diagnostic_benchmark,lsi,49,1
0.0,44,0.5,1.0,0.2,2,diagnostic_benchmark,lsi_inductive,49,1
1.0,56,1.0,1.0,0.2,1,diagnostic_benchmark,semantic,49,1
1.0,56,1.0,1.0,0.2,1,diagnostic_benchmark,reranker,49,1
0.0,44,0.5,1.0,0.2,2,diagnostic_benchmark,rrf_lexical,49,1
0.0,44,0.5,1.0,0.2,2,diagnostic_benchmark,rrf_lexical_inductive,49,1
0.0,60,0.5,1.0,0.2,2,diagnostic_benchmark,tfidf,50,1
0.0,60,0.5,1.0,0.2,2,diagnostic_benchmark,bm25,50,1
0.0,60,0.3333333333333333,1.0,0.2,3,diagnostic_benchmark,lsi,50,1
0.0,60,0.5,1.0,0.2,2,diagnostic_benchmark,lsi_inductive,50,1
0.0,47,0.5,1.0,0.2,2,diagnostic_benchmark,semantic,50,1
1.0,57,1.0,1.0,0.2,1,diagnostic_benchmark,reranker,50,1
0.0,60,0.5,1.0,0.2,2,diagnostic_benchmark,rrf_lexical,50,1
0.0,60,0.5,1.0,0.2,2,diagnostic_benchmark,rrf_lexical_inductive,50,1
1.0,58,1.0,1.0,0.2,1,diagnostic_benchmark,tfidf,51,1
1.0,58,1.0,1.0,0.2,1,diagnostic_benchmark,bm25,51,1
1.0,58,1.0,1.0,0.2,1,diagnostic_benchmark,lsi,51,1
1.0,58,1.0,1.0,0.2,1,diagnostic_benchmark,lsi_inductive,51,1
1.0,58,1.0,1.0,0.2,1,diagnostic_benchmark,semantic,51,1
1.0,58,1.0,1.0,0.2,1,diagnostic_benchmark,reranker,51,1
1.0,58,1.0,1.0,0.2,1,diagnostic_benchmark,rrf_lexical,51,1
1.0,58,1.0,1.0,0.2,1,diagnostic_benchmark,rrf_lexical_inductive,51,1
1.0,59,1.0,1.0,0.2,1,diagnostic_benchmark,tfidf,52,1
1.0,59,1.0,1.0,0.2,1,diagnostic_benchmark,bm25,52,1
1.0,59,1.0,1.0,0.2,1,diagnostic_benchmark,lsi,52,1
1.0,59,1.0,1.0,0.2,1,diagnostic_benchmark,lsi_inductive,52,1
1.0,59,1.0,1.0,0.2,1,diagnostic_benchmark,semantic,52,1
1.0,59,1.0,1.0,0.2,1,diagnostic_benchmark,reranker,52,1
1.0,59,1.0,1.0,0.2,1,diagnostic_benchmark,rrf_lexical,52,1
1.0,59,1.0,1.0,0.2,1,diagnostic_benchmark,rrf_lexical_inductive,52,1
0.0,9,0.0,0.0,0.0,13,diagnostic_benchmark,tfidf,53,1
0.0,17,0.0,0.0,0.0,22,diagnostic_benchmark,bm25,53,1
0.0,9,0.0,0.0,0.0,16,diagnostic_benchmark,lsi,53,1
0.0,9,0.0,0.0,0.0,12,diagnostic_benchmark,lsi_inductive,53,1
1.0,60,1.0,1.0,0.2,1,diagnostic_benchmark,semantic,53,1
1.0,60,1.0,1.0,0.2,1,diagnostic_benchmark,reranker,53,1
0.0,9,0.0,0.0,0.0,17,diagnostic_benchmark,rrf_lexical,53,1
0.0,9,0.0,0.0,0.0,13,diagnostic_benchmark,rrf_lexical_inductive,53,1
0.0,46,0.0,0.0,0.0,33,diagnostic_benchmark,tfidf,54,2
0.0,31,0.0,0.0,0.0,58,diagnostic_benchmark,bm25,54,2
0.0,46,0.0,0.0,0.0,34,diagnostic_benchmark,lsi,54,2
0.0,46,0.0,0.0,0.0,54,diagnostic_benchmark,lsi_inductive,54,2
0.0,59,0.0,0.0,0.0,40,diagnostic_benchmark,semantic,54,2
0.0,47,0.0,0.0,0.0,60,diagnostic_benchmark,reranker,54,2
0.0,46,0.0,0.0,0.0,37,diagnostic_benchmark,rrf_lexical,54,2
0.0,46,0.0,0.0,0.0,62,diagnostic_benchmark,rrf_lexical_inductive,54,2
0.0,33,0.0,0.0,0.0,24,diagnostic_benchmark,tfidf,55,2
0.0,17,0.0,0.0,0.0,11,diagnostic_benchmark,bm25,55,2
0.0,50,0.0,0.0,0.0,68,diagnostic_benchmark,lsi,55,2
0.0,33,0.0,0.0,0.0,18,diagnostic_benchmark,lsi_inductive,55,2
1.0,82,1.0,1.0,0.4,1,diagnostic_benchmark,semantic,55,2
0.0,6,0.3333333333333333,0.5,0.2,3,diagnostic_benchmark,reranker,55,2
0.0,50,0.0,0.0,0.0,24,diagnostic_benchmark,rrf_lexical,55,2
0.0,33,0.0,0.0,0.0,19,diagnostic_benchmark,rrf_lexical_inductive,55,2
0.0,44,0.0,0.0,0.0,20,diagnostic_benchmark,tfidf,56,1
0.0,40,0.0,0.0,0.0,12,diagnostic_benchmark,bm25,56,1
0.0,44,0.0,0.0,0.0,66,diagnostic_benchmark,lsi,56,1
0.0,44,0.0,0.0,0.0,103,diagnostic_benchmark,lsi_inductive,56,1
0.0,19,0.2,1.0,0.2,5,diagnostic_benchmark,semantic,56,1
0.0,19,0.2,1.0,0.2,5,diagnostic_benchmark,reranker,56,1
0.0,44,0.0,0.0,0.0,15,diagnostic_benchmark,rrf_lexical,56,1
0.0,44,0.0,0.0,0.0,21,diagnostic_benchmark,rrf_lexical_inductive,56,1
0.0,52,0.3333333333333333,1.0,0.2,3,diagnostic_benchmark,tfidf,57,1
0.0,17,0.0,0.0,0.0,6,diagnostic_benchmark,bm25,57,1
0.0,50,0.3333333333333333,1.0,0.2,3,diagnostic_benchmark,lsi,57,1
1.0,64,1.0,1.0,0.2,1,diagnostic_benchmark,lsi_inductive,57,1
0.0,52,0.0,0.0,0.0,15,diagnostic_benchmark,semantic,57,1
0.0,58,0.25,1.0,0.2,4,diagnostic_benchmark,reranker,57,1
0.0,52,0.3333333333333333,1.0,0.2,3,diagnostic_benchmark,rrf_lexical,57,1
0.0,52,0.3333333333333333,1.0,0.2,3,diagnostic_benchmark,rrf_lexical_inductive,57,1
0.0,16,0.0,0.0,0.0,32,csf_benchmark,tfidf,0,2
0.0,116,0.0,0.0,0.0,81,csf_benchmark,bm25,0,2
0.0,116,0.0,0.0,0.0,39,csf_benchmark,lsi,0,2
0.0,116,0.0,0.0,0.0,36,csf_benchmark,lsi_inductive,0,2
0.0,79,0.5,0.5,0.2,2,csf_benchmark,semantic,0,2
0.0,116,0.2,0.5,0.2,5,csf_benchmark,reranker,0,2
0.0,116,0.0,0.0,0.0,43,csf_benchmark,rrf_lexical,0,2
0.0,116,0.0,0.0,0.0,45,csf_benchmark,rrf_lexical_inductive,0,2
0.0,279,0.0,0.0,0.0,196,csf_benchmark,tfidf,1,1
0.0,279,0.0,0.0,0.0,81,csf_benchmark,bm25,1,1
0.0,242,0.0,0.0,0.0,262,csf_benchmark,lsi,1,1
0.0,279,0.0,0.0,0.0,227,csf_benchmark,lsi_inductive,1,1
0.0,242,0.0,0.0,0.0,79,csf_benchmark,semantic,1,1
0.0,242,0.0,0.0,0.0,186,csf_benchmark,reranker,1,1
0.0,279,0.0,0.0,0.0,161,csf_benchmark,rrf_lexical,1,1
0.0,279,0.0,0.0,0.0,160,csf_benchmark,rrf_lexical_inductive,1,1
0.0,63,0.0,0.0,0.0,43,csf_benchmark,tfidf,2,5
0.0,261,0.0,0.0,0.0,25,csf_benchmark,bm25,2,5
0.0,166,0.0,0.0,0.0,52,csf_benchmark,lsi,2,5
0.0,166,0.0,0.0,0.0,67,csf_benchmark,lsi_inductive,2,5
0.0,261,0.0,0.0,0.0,6,csf_benchmark,semantic,2,5
0.0,261,0.0,0.0,0.0,8,csf_benchmark,reranker,2,5
0.0,63,0.0,0.0,0.0,46,csf_benchmark,rrf_lexical,2,5
0.0,63,0.0,0.0,0.0,40,csf_benchmark,rrf_lexical_inductive,2,5
1.0,17,1.0,0.6666666666666666,0.4,1,csf_benchmark,tfidf,3,3
0.0,160,0.5,0.3333333333333333,0.2,2,csf_benchmark,bm25,3,3
1.0,17,1.0,0.6666666666666666,0.4,1,csf_benchmark,lsi,3,3
1.0,17,1.0,0.6666666666666666,0.4,1,csf_benchmark,lsi_inductive,3,3
0.0,191,0.25,0.3333333333333333,0.2,4,csf_benchmark,semantic,3,3
1.0,17,1.0,0.6666666666666666,0.4,1,csf_benchmark,reranker,3,3
1.0,17,1.0,0.6666666666666666,0.4,1,csf_benchmark,rrf_lexical,3,3
1.0,17,1.0,0.6666666666666666,0.4,1,csf_benchmark,rrf_lexical_inductive,3,3
0.0,134,0.3333333333333333,0.2,0.2,3,csf_benchmark,tfidf,4,5
0.0,134,0.0,0.0,0.0,8,csf_benchmark,bm25,4,5
0.0,265,0.3333333333333333,0.2,0.2,3,csf_benchmark,lsi,4,5
0.0,265,0.0,0.0,0.0,14,csf_benchmark,lsi_inductive,4,5
0.0,286,0.3333333333333333,0.2,0.2,3,csf_benchmark,semantic,4,5
0.0,80,0.5,0.4,0.4,2,csf_benchmark,reranker,4,5
0.0,134,0.3333333333333333,0.2,0.2,3,csf_benchmark,rrf_lexical,4,5
0.0,265,0.0,0.0,0.0,7,csf_benchmark,rrf_lexical_inductive,4,5
0.0,156,0.0,0.0,0.0,6,csf_benchmark,tfidf,5,4
0.0,156,0.5,0.25,0.2,2,csf_benchmark,bm25,5,4
0.0,156,0.0,0.0,0.0,10,csf_benchmark,lsi,5,4
0.0,156,0.3333333333333333,0.25,0.2,3,csf_benchmark,lsi_inductive,5,4
0.0,156,0.0,0.0,0.0,17,csf_benchmark,semantic,5,4
0.0,25,0.3333333333333333,0.25,0.2,3,csf_benchmark,reranker,5,4
0.0,156,0.2,0.25,0.2,5,csf_benchmark,rrf_lexical,5,4
0.0,156,0.5,0.25,0.2,2,csf_benchmark,rrf_lexical_inductive,5,4
1.0,290,1.0,1.0,0.4,1,csf_benchmark,tfidf,6,2
1.0,290,1.0,1.0,0.4,1,csf_benchmark,bm25,6,2
1.0,290,1.0,0.5,0.2,1,csf_benchmark,lsi,6,2
1.0,290,1.0,0.5,0.2,1,csf_benchmark,lsi_inductive,6,2
1.0,288,1.0,1.0,0.4,1,csf_benchmark,semantic,6,2
1.0,288,1.0,1.0,0.4,1,csf_benchmark,reranker,6,2
1.0,290,1.0,1.0,0.4,1,csf_benchmark,rrf_lexical,6,2
1.0,290,1.0,1.0,0.4,1,csf_benchmark,rrf_lexical_inductive,6,2
1.0,151,1.0,1.0,0.2,1,csf_benchmark,tfidf,7,1
1.0,151,1.0,1.0,0.2,1,csf_benchmark,bm25,7,1
0.0,214,0.5,1.0,0.2,2,csf_benchmark,lsi,7,1
1.0,151,1.0,1.0,0.2,1,csf_benchmark,lsi_inductive,7,1
1.0,151,1.0,1.0,0.2,1,csf_benchmark,semantic,7,1
1.0,151,1.0,1.0,0.2,1,csf_benchmark,reranker,7,1
1.0,151,1.0,1.0,0.2,1,csf_benchmark,rrf_lexical,7,1
1.0,151,1.0,1.0,0.2,1,csf_benchmark,rrf_lexical_inductive,7,1
1.0,154,1.0,1.0,0.2,1,csf_benchmark,tfidf,8,1
0.0,157,0.0,0.0,0.0,9,csf_benchmark,bm25,8,1
1.0,154,1.0,1.0,0.2,1,csf_benchmark,lsi,8,1
1.0,154,1.0,1.0,0.2,1,csf_benchmark,lsi_inductive,8,1
0.0,43,0.0,0.0,0.0,6,csf_benchmark,semantic,8,1
0.0,66,0.5,1.0,0.2,2,csf_benchmark,reranker,8,1
0.0,157,0.3333333333333333,1.0,0.2,3,csf_benchmark,rrf_lexical,8,1
0.0,157,0.3333333333333333,1.0,0.2,3,csf_benchmark,rrf_lexical_inductive,8,1
1.0,214,1.0,0.375,0.6,1,csf_benchmark,tfidf,9,8
1.0,200,1.0,0.5,0.8,1,csf_benchmark,bm25,9,8
1.0,214,1.0,0.375,0.6,1,csf_benchmark,lsi,9,8
1.0,214,1.0,0.375,0.6,1,csf_benchmark,lsi_inductive,9,8
1.0,151,1.0,0.5,0.8,1,csf_benchmark,semantic,9,8
1.0,200,1.0,0.5,0.8,1,csf_benchmark,reranker,9,8
1.0,214,1.0,0.375,0.6,1,csf_benchmark,rrf_lexical,9,8
1.0,214,1.0,0.375,0.6,1,csf_benchmark,rrf_lexical_inductive,9,8
1.0,214,1.0,0.2,0.2,1,csf_benchmark,tfidf,10,5
0.0,140,0.0,0.0,0.0,8,csf_benchmark,bm25,10,5
1.0,214,1.0,0.4,0.4,1,csf_benchmark,lsi,10,5
1.0,214,1.0,0.4,0.4,1,csf_benchmark,lsi_inductive,10,5
0.0,151,0.3333333333333333,0.2,0.2,3,csf_benchmark,semantic,10,5
0.0,71,0.3333333333333333,0.4,0.4,3,csf_benchmark,reranker,10,5
0.0,73,0.5,0.4,0.4,2,csf_benchmark,rrf_lexical,10,5
1.0,214,1.0,0.6,0.6,1,csf_benchmark,rrf_lexical_inductive,10,5
0.0,50,0.5,0.2,0.2,2,csf_benchmark,tfidf,11,5
0.0,25,0.5,0.2,0.2,2,csf_benchmark,bm25,11,5
0.0,166,0.3333333333333333,0.4,0.4,3,csf_benchmark,lsi,11,5
1.0,182,1.0,0.2,0.2,1,csf_benchmark,lsi_inductive,11,5
0.0,25,0.5,0.4,0.4,2,csf_benchmark,semantic,11,5
0.0,25,0.5,0.6,0.6,2,csf_benchmark,reranker,11,5
1.0,182,1.0,0.2,0.2,1,csf_benchmark,rrf_lexical,11,5
1.0,182,1.0,0.2,0.2,1,csf_benchmark,rrf_lexical_inductive,11,5
0.0,172,0.3333333333333333,0.2,0.4,3,csf_benchmark,tfidf,12,10
0.0,173,0.2,0.1,0.2,5,csf_benchmark,bm25,12,10
0.0,172,0.3333333333333333,0.2,0.4,3,csf_benchmark,lsi,12,10
0.0,172,0.5,0.3,0.6,2,csf_benchmark,lsi_inductive,12,10
0.0,218,0.25,0.2,0.4,4,csf_benchmark,semantic,12,10
1.0,152,1.0,0.3,0.6,1,csf_benchmark,reranker,12,10
0.0,172,0.5,0.2,0.4,2,csf_benchmark,rrf_lexical,12,10
0.0,172,0.3333333333333333,0.2,0.4,3,csf_benchmark,rrf_lexical_inductive,12,10
0.0,132,0.5,0.23076923076923078,0.6,2,csf_benchmark,tfidf,13,13
0.0,132,0.5,0.07692307692307693,0.2,2,csf_benchmark,bm25,13,13
0.0,132,0.5,0.15384615384615385,0.4,2,csf_benchmark,lsi,13,13
0.0,132,0.5,0.07692307692307693,0.2,2,csf_benchmark,lsi_inductive,13,13
1.0,196,1.0,0.23076923076923078,0.6,1,csf_benchmark,semantic,13,13
1.0,196,1.0,0.15384615384615385,0.4,1,csf_benchmark,reranker,13,13
0.0,132,0.5,0.23076923076923078,0.6,2,csf_benchmark,rrf_lexical,13,13
0.0,132,0.5,0.23076923076923078,0.6,2,csf_benchmark,rrf_lexical_inductive,13,13
1.0,159,1.0,0.5,0.4,1,csf_benchmark,tfidf,14,4
1.0,159,1.0,0.5,0.4,1,csf_benchmark,bm25,14,4
1.0,159,1.0,0.5,0.4,1,csf_benchmark,lsi,14,4
1.0,159,1.0,0.5,0.4,1,csf_benchmark,lsi_inductive,14,4
1.0,159,1.0,0.75,0.6,1,csf_benchmark,semantic,14,4
1.0,159,1.0,0.75,0.6,1,csf_benchmark,reranker,14,4
1.0,159,1.0,0.5,0.4,1,csf_benchmark,rrf_lexical,14,4
1.0,159,1.0,0.5,0.4,1,csf_benchmark,rrf_lexical_inductive,14,4
0.0,50,0.0,0.0,0.0,10,csf_benchmark,tfidf,15,5
0.0,237,0.2,0.2,0.2,5,csf_benchmark,bm25,15,5
0.0,50,0.2,0.2,0.2,5,csf_benchmark,lsi,15,5
0.0,50,0.25,0.2,0.2,4,csf_benchmark,lsi_inductive,15,5
0.0,249,0.5,0.4,0.4,2,csf_benchmark,semantic,15,5
0.0,249,0.3333333333333333,0.4,0.4,3,csf_benchmark,reranker,15,5
0.0,50,0.0,0.0,0.0,6,csf_benchmark,rrf_lexical,15,5
0.0,50,0.2,0.2,0.2,5,csf_benchmark,rrf_lexical_inductive,15,5
0.0,54,0.5,0.16666666666666666,0.2,2,csf_benchmark,tfidf,16,6
0.0,54,0.0,0.0,0.0,7,csf_benchmark,bm25,16,6
0.0,54,0.5,0.16666666666666666,0.2,2,csf_benchmark,lsi,16,6
0.0,54,0.2,0.16666666666666666,0.2,5,csf_benchmark,lsi_inductive,16,6
0.0,54,0.3333333333333333,0.16666666666666666,0.2,3,csf_benchmark,semantic,16,6
1.0,195,1.0,0.16666666666666666,0.2,1,csf_benchmark,reranker,16,6
0.0,54,0.25,0.16666666666666666,0.2,4,csf_benchmark,rrf_lexical,16,6
0.0,54,0.3333333333333333,0.16666666666666666,0.2,3,csf_benchmark,rrf_lexical_inductive,16,6
0.0,54,0.5,0.3333333333333333,0.4,2,csf_benchmark,tfidf,17,6
0.0,54,0.5,0.16666666666666666,0.2,2,csf_benchmark,bm25,17,6
0.0,54,0.5,0.3333333333333333,0.4,2,csf_benchmark,lsi,17,6
1.0,171,1.0,0.3333333333333333,0.4,1,csf_benchmark,lsi_inductive,17,6
1.0,195,1.0,0.3333333333333333,0.4,1,csf_benchmark,semantic,17,6
1.0,195,1.0,0.3333333333333333,0.4,1,csf_benchmark,reranker,17,6
0.0,54,0.5,0.3333333333333333,0.4,2,csf_benchmark,rrf_lexical,17,6
0.0,54,0.5,0.3333333333333333,0.4,2,csf_benchmark,rrf_lexical_inductive,17,6
1.0,171,1.0,0.6,0.6,1,csf_benchmark,tfidf,18,5
1.0,171,1.0,0.4,0.4,1,csf_benchmark,bm25,18,5
1.0,171,1.0,0.6,0.6,1,csf_benchmark,lsi,18,5
1.0,171,1.0,0.6,0.6,1,csf_benchmark,lsi_inductive,18,5
1.0,198,1.0,0.4,0.4,1,csf_benchmark,semantic,18,5
1.0,198,1.0,0.8,0.8,1,csf_benchmark,reranker,18,5
1.0,171,1.0,0.6,0.6,1,csf_benchmark,rrf_lexical,18,5
1.0,171,1.0,0.6,0.6,1,csf_benchmark,rrf_lexical_inductive,18,5
0.0,172,0.3333333333333333,0.5,0.2,3,csf_benchmark,tfidf,19,2
0.0,172,0.2,0.5,0.2,5,csf_benchmark,bm25,19,2
0.0,172,0.25,0.5,0.2,4,csf_benchmark,lsi,19,2
0.0,172,0.5,1.0,0.4,2,csf_benchmark,lsi_inductive,19,2
0.0,193,0.5,1.0,0.4,2,csf_benchmark,semantic,19,2
0.0,147,0.3333333333333333,0.5,0.2,3,csf_benchmark,reranker,19,2
0.0,172,0.25,0.5,0.2,4,csf_benchmark,rrf_lexical,19,2
0.0,172,0.3333333333333333,1.0,0.4,3,csf_benchmark,rrf_lexical_inductive,19,2
0.0,198,0.3333333333333333,1.0,0.2,3,csf_benchmark,tfidf,20,1
0.0,198,0.2,1.0,0.2,5,csf_benchmark,bm25,20,1
0.0,198,0.2,1.0,0.2,5,csf_benchmark,lsi,20,1
0.0,171,0.3333333333333333,1.0,0.2,3,csf_benchmark,lsi_inductive,20,1
0.0,171,0.3333333333333333,1.0,0.2,3,csf_benchmark,semantic,20,1
0.0,198,0.3333333333333333,1.0,0.2,3,csf_benchmark,reranker,20,1
0.0,198,0.25,1.0,0.2,4,csf_benchmark,rrf_lexical,20,1
0.0,198,0.3333333333333333,1.0,0.2,3,csf_benchmark,rrf_lexical_inductive,20,1
0.0,171,0.5,0.25,0.2,2,csf_benchmark,tfidf,21,4
0.0,171,0.5,0.5,0.4,2,csf_benchmark,bm25,21,4
0.0,171,0.3333333333333333,0.25,0.2,3,csf_benchmark,lsi,21,4
0.0,171,0.25,0.5,0.4,4,csf_benchmark,lsi_inductive,21,4
0.0,171,0.0,0.0,0.0,6,csf_benchmark,semantic,21,4
0.0,198,0.25,0.25,0.2,4,csf_benchmark,reranker,21,4
0.0,171,0.5,0.25,0.2,2,csf_benchmark,rrf_lexical,21,4
0.0,171,0.5,0.25,0.2,2,csf_benchmark,rrf_lexical_inductive,21,4
1.0,290,1.0,0.6666666666666666,0.8,1,csf_benchmark,tfidf,22,6
0.0,147,0.5,0.6666666666666666,0.8,2,csf_benchmark,bm25,22,6
1.0,290,1.0,0.6666666666666666,0.8,1,csf_benchmark,lsi,22,6
1.0,173,1.0,0.6666666666666666,0.8,1,csf_benchmark,lsi_inductive,22,6
1.0,289,1.0,0.6666666666666666,0.8,1,csf_benchmark,semantic,22,6
0.0,147,0.5,0.6666666666666666,0.8,2,csf_benchmark,reranker,22,6
1.0,290,1.0,0.6666666666666666,0.8,1,csf_benchmark,rrf_lexical,22,6
1.0,290,1.0,0.6666666666666666,0.8,1,csf_benchmark,rrf_lexical_inductive,22,6
1.0,289,1.0,0.42857142857142855,0.6,1,csf_benchmark,tfidf,23,7
1.0,289,1.0,0.14285714285714285,0.2,1,csf_benchmark,bm25,23,7
1.0,289,1.0,0.5714285714285714,0.8,1,csf_benchmark,lsi,23,7
1.0,289,1.0,0.42857142857142855,0.6,1,csf_benchmark,lsi_inductive,23,7
1.0,293,1.0,0.42857142857142855,0.6,1,csf_benchmark,semantic,23,7
1.0,293,1.0,0.2857142857142857,0.4,1,csf_benchmark,reranker,23,7
1.0,289,1.0,0.42857142857142855,0.6,1,csf_benchmark,rrf_lexical,23,7
1.0,289,1.0,0.42857142857142855,0.6,1,csf_benchmark,rrf_lexical_inductive,23,7
1.0,289,1.0,0.4,0.4,1,csf_benchmark,tfidf,24,5
0.0,173,0.3333333333333333,0.2,0.2,3,csf_benchmark,bm25,24,5
1.0,289,1.0,0.4,0.4,1,csf_benchmark,lsi,24,5
1.0,289,1.0,0.4,0.4,1,csf_benchmark,lsi_inductive,24,5
0.0,288,0.5,0.4,0.4,2,csf_benchmark,semantic,24,5
1.0,292,1.0,0.4,0.4,1,csf_benchmark,reranker,24,5
1.0,289,1.0,0.4,0.4,1,csf_benchmark,rrf_lexical,24,5
1.0,289,1.0,0.4,0.4,1,csf_benchmark,rrf_lexical_inductive,24,5
0.0,68,0.0,0.0,0.0,14,csf_benchmark,tfidf,25,6
0.0,293,0.0,0.0,0.0,11,csf_benchmark,bm25,25,6
0.0,293,0.0,0.0,0.0,9,csf_benchmark,lsi,25,6
0.0,68,0.0,0.0,0.0,8,csf_benchmark,lsi_inductive,25,6
0.0,293,0.5,0.3333333333333333,0.4,2,csf_benchmark,semantic,25,6
0.0,293,0.3333333333333333,0.3333333333333333,0.4,3,csf_benchmark,reranker,25,6
0.0,293,0.0,0.0,0.0,9,csf_benchmark,rrf_lexical,25,6
0.0,68,0.0,0.0,0.0,10,csf_benchmark,rrf_lexical_inductive,25,6
0.0,73,0.3333333333333333,0.16666666666666666,0.2,3,csf_benchmark,tfidf,26,6
1.0,93,1.0,0.3333333333333333,0.4,1,csf_benchmark,bm25,26,6
0.0,73,0.3333333333333333,0.16666666666666666,0.2,3,csf_benchmark,lsi,26,6
1.0,93,1.0,0.3333333333333333,0.4,1,csf_benchmark,lsi_inductive,26,6
0.0,293,0.3333333333333333,0.3333333333333333,0.4,3,csf_benchmark,semantic,26,6
1.0,92,1.0,0.3333333333333333,0.4,1,csf_benchmark,reranker,26,6
0.0,73,0.5,0.3333333333333333,0.4,2,csf_benchmark,rrf_lexical,26,6
0.0,73,0.5,0.3333333333333333,0.4,2,csf_benchmark,rrf_lexical_inductive,26,6
0.0,225,0.5,0.18181818181818182,0.4,2,csf_benchmark,tfidf,27,11
0.0,5,0.25,0.18181818181818182,0.4,4,csf_benchmark,bm25,27,11
0.0,5,0.5,0.2727272727272727,0.6,2,csf_benchmark,lsi,27,11
0.0,5,0.5,0.2727272727272727,0.6,2,csf_benchmark,lsi_inductive,27,11
1.0,77,1.0,0.36363636363636365,0.8,1,csf_benchmark,semantic,27,11
1.0,81,1.0,0.45454545454545453,1.0,1,csf_benchmark,reranker,27,11
0.0,5,0.3333333333333333,0.18181818181818182,0.4,3,csf_benchmark,rrf_lexical,27,11
0.0,5,0.3333333333333333,0.18181818181818182,0.4,3,csf_benchmark,rrf_lexical_inductive,27,11
1.0,119,1.0,0.375,0.6,1,csf_benchmark,tfidf,28,8
1.0,119,1.0,0.5,0.8,1,csf_benchmark,bm25,28,8
1.0,119,1.0,0.5,0.8,1,csf_benchmark,lsi,28,8
1.0,116,1.0,0.5,0.8,1,csf_benchmark,lsi_inductive,28,8
0.0,107,0.0,0.0,0.0,7,csf_benchmark,semantic,28,8
1.0,116,1.0,0.5,0.8,1,csf_benchmark,reranker,28,8
1.0,119,1.0,0.5,0.8,1,csf_benchmark,rrf_lexical,28,8
1.0,119,1.0,0.5,0.8,1,csf_benchmark,rrf_lexical_inductive,28,8
1.0,14,1.0,0.2,0.2,1,csf_benchmark,tfidf,29,5
1.0,14,1.0,0.4,0.4,1,csf_benchmark,bm25,29,5
1.0,14,1.0,0.2,0.2,1,csf_benchmark,lsi,29,5
1.0,14,1.0,0.4,0.4,1,csf_benchmark,lsi_inductive,29,5
1.0,14,1.0,0.4,0.4,1,csf_benchmark,semantic,29,5
1.0,14,1.0,0.6,0.6,1,csf_benchmark,reranker,29,5
1.0,14,1.0,0.4,0.4,1,csf_benchmark,rrf_lexical,29,5
1.0,14,1.0,0.4,0.4,1,csf_benchmark,rrf_lexical_inductive,29,5
1.0,4,1.0,0.375,0.6,1,csf_benchmark,tfidf,30,8
1.0,4,1.0,0.25,0.4,1,csf_benchmark,bm25,30,8
1.0,4,1.0,0.25,0.4,1,csf_benchmark,lsi,30,8
1.0,4,1.0,0.25,0.4,1,csf_benchmark,lsi_inductive,30,8
1.0,4,1.0,0.5,0.8,1,csf_benchmark,semantic,30,8
1.0,5,1.0,0.375,0.6,1,csf_benchmark,reranker,30,8
1.0,4,1.0,0.375,0.6,1,csf_benchmark,rrf_lexical,30,8
1.0,4,1.0,0.25,0.4,1,csf_benchmark,rrf_lexical_inductive,30,8
1.0,227,1.0,0.2,0.2,1,csf_benchmark,tfidf,31,5
1.0,227,1.0,0.2,0.2,1,csf_benchmark,bm25,31,5
1.0,227,1.0,0.2,0.2,1,csf_benchmark,lsi,31,5
1.0,227,1.0,0.2,0.2,1,csf_benchmark,lsi_inductive,31,5
0.0,226,0.0,0.0,0.0,8,csf_benchmark,semantic,31,5
0.0,226,0.3333333333333333,0.2,0.2,3,csf_benchmark,reranker,31,5
1.0,227,1.0,0.2,0.2,1,csf_benchmark,rrf_lexical,31,5
1.0,227,1.0,0.2,0.2,1,csf_benchmark,rrf_lexical_inductive,31,5
1.0,13,1.0,0.2222222222222222,0.4,1,csf_benchmark,tfidf,32,9
1.0,13,1.0,0.3333333333333333,0.6,1,csf_benchmark,bm25,32,9
1.0,88,1.0,0.3333333333333333,0.6,1,csf_benchmark,lsi,32,9
0.0,89,0.5,0.2222222222222222,0.4,2,csf_benchmark,lsi_inductive,32,9
1.0,88,1.0,0.3333333333333333,0.6,1,csf_benchmark,semantic,32,9
1.0,88,1.0,0.3333333333333333,0.6,1,csf_benchmark,reranker,32,9
1.0,13,1.0,0.3333333333333333,0.6,1,csf_benchmark,rrf_lexical,32,9
0.0,89,0.5,0.2222222222222222,0.4,2,csf_benchmark,rrf_lexical_inductive,32,9
0.0,152,0.0,0.0,0.0,6,csf_benchmark,tfidf,33,9
0.0,150,0.2,0.1111111111111111,0.2,5,csf_benchmark,bm25,33,9
0.0,152,0.0,0.0,0.0,12,csf_benchmark,lsi,33,9
0.0,152,0.0,0.0,0.0,11,csf_benchmark,lsi_inductive,33,9
0.0,232,0.2,0.1111111111111111,0.2,5,csf_benchmark,semantic,33,9
1.0,85,1.0,0.4444444444444444,0.8,1,csf_benchmark,reranker,33,9
0.0,152,0.0,0.0,0.0,14,csf_benchmark,rrf_lexical,33,9
0.0,152,0.0,0.0,0.0,14,csf_benchmark,rrf_lexical_inductive,33,9
0.0,78,0.0,0.0,0.0,7,csf_benchmark,tfidf,34,3
0.0,5,0.0,0.0,0.0,25,csf_benchmark,bm25,34,3
0.0,5,0.0,0.0,0.0,8,csf_benchmark,lsi,34,3
0.0,5,0.0,0.0,0.0,9,csf_benchmark,lsi_inductive,34,3
0.0,23,0.3333333333333333,0.3333333333333333,0.2,3,csf_benchmark,semantic,34,3
1.0,24,1.0,0.3333333333333333,0.2,1,csf_benchmark,reranker,34,3
0.0,5,0.0,0.0,0.0,8,csf_benchmark,rrf_lexical,34,3
0.0,5,0.0,0.0,0.0,9,csf_benchmark,rrf_lexical_inductive,34,3
0.0,78,0.0,0.0,0.0,7,csf_benchmark,tfidf,35,2
0.0,138,0.0,0.0,0.0,10,csf_benchmark,bm25,35,2
0.0,184,0.0,0.0,0.0,8,csf_benchmark,lsi,35,2
0.0,84,0.0,0.0,0.0,11,csf_benchmark,lsi_inductive,35,2
0.0,4,0.0,0.0,0.0,10,csf_benchmark,semantic,35,2
1.0,25,1.0,0.5,0.2,1,csf_benchmark,reranker,35,2
0.0,184,0.0,0.0,0.0,8,csf_benchmark,rrf_lexical,35,2
0.0,84,0.0,0.0,0.0,8,csf_benchmark,rrf_lexical_inductive,35,2
0.0,293,0.3333333333333333,0.3333333333333333,0.2,3,csf_benchmark,tfidf,36,3
0.0,138,0.0,0.0,0.0,8,csf_benchmark,bm25,36,3
0.0,166,0.0,0.0,0.0,7,csf_benchmark,lsi,36,3
0.0,184,0.3333333333333333,0.3333333333333333,0.2,3,csf_benchmark,lsi_inductive,36,3
0.0,288,0.0,0.0,0.0,50,csf_benchmark,semantic,36,3
0.0,184,0.0,0.0,0.0,35,csf_benchmark,reranker,36,3
0.0,184,0.0,0.0,0.0,6,csf_benchmark,rrf_lexical,36,3
0.0,184,0.2,0.3333333333333333,0.2,5,csf_benchmark,rrf_lexical_inductive,36,3
0.0,184,0.5,0.5,0.2,2,csf_benchmark,tfidf,37,2
0.0,138,0.0,0.0,0.0,8,csf_benchmark,bm25,37,2
0.0,184,0.25,0.5,0.2,4,csf_benchmark,lsi,37,2
0.0,184,0.5,0.5,0.2,2,csf_benchmark,lsi_inductive,37,2
0.0,162,0.0,0.0,0.0,30,csf_benchmark,semantic,37,2
0.0,172,0.0,0.0,0.0,133,csf_benchmark,reranker,37,2
0.0,184,0.5,0.5,0.2,2,csf_benchmark,rrf_lexical,37,2
0.0,184,0.5,0.5,0.2,2,csf_benchmark,rrf_lexical_inductive,37,2
0.0,119,0.0,0.0,0.0,6,csf_benchmark,tfidf,38,4
0.0,138,0.25,0.25,0.2,4,csf_benchmark,bm25,38,4
0.0,119,0.0,0.0,0.0,10,csf_benchmark,lsi,38,4
0.0,119,0.0,0.0,0.0,12,csf_benchmark,lsi_inductive,38,4
0.0,176,0.25,0.25,0.2,4,csf_benchmark,semantic,38,4
1.0,25,1.0,0.25,0.2,1,csf_benchmark,reranker,38,4
0.0,182,0.0,0.0,0.0,6,csf_benchmark,rrf_lexical,38,4
0.0,114,0.2,0.25,0.2,5,csf_benchmark,rrf_lexical_inductive,38,4
1.0,243,1.0,0.125,0.2,1,csf_benchmark,tfidf,39,8
1.0,243,1.0,0.125,0.2,1,csf_benchmark,bm25,39,8
1.0,243,1.0,0.125,0.2,1,csf_benchmark,lsi,39,8
0.0,20,0.0,0.0,0.0,6,csf_benchmark,lsi_inductive,39,8
1.0,243,1.0,0.125,0.2,1,csf_benchmark,semantic,39,8
1.0,243,1.0,0.125,0.2,1,csf_benchmark,reranker,39,8
1.0,243,1.0,0.125,0.2,1,csf_benchmark,rrf_lexical,39,8
0.0,20,0.5,0.125,0.2,2,csf_benchmark,rrf_lexical_inductive,39,8
0.0,63,0.0,0.0,0.0,80,csf_benchmark,tfidf,40,2
0.0,39,0.0,0.0,0.0,167,csf_benchmark,bm25,40,2
0.0,63,0.0,0.0,0.0,70,csf_benchmark,lsi,40,2
0.0,63,0.0,0.0,0.0,101,csf_benchmark,lsi_inductive,40,2
1.0,226,1.0,0.5,0.2,1,csf_benchmark,semantic,40,2
0.0,20,0.25,0.5,0.2,4,csf_benchmark,reranker,40,2
0.0,63,0.0,0.0,0.0,122,csf_benchmark,rrf_lexical,40,2
0.0,63,0.0,0.0,0.0,126,csf_benchmark,rrf_lexical_inductive,40,2
0.0,225,0.5,0.5,0.4,2,csf_benchmark,tfidf,41,4
0.0,225,0.25,0.25,0.2,4,csf_benchmark,bm25,41,4
0.0,225,0.3333333333333333,0.5,0.4,3,csf_benchmark,lsi,41,4
0.0,225,0.3333333333333333,0.25,0.2,3,csf_benchmark,lsi_inductive,41,4
1.0,128,1.0,0.25,0.2,1,csf_benchmark,semantic,41,4
0.0,180,0.5,0.5,0.4,2,csf_benchmark,reranker,41,4
0.0,225,0.5,0.25,0.2,2,csf_benchmark,rrf_lexical,41,4
0.0,225,0.5,0.25,0.2,2,csf_benchmark,rrf_lexical_inductive,41,4
0.0,224,0.5,0.25,0.2,2,csf_benchmark,tfidf,42,4
1.0,31,1.0,0.25,0.2,1,csf_benchmark,bm25,42,4
0.0,224,0.5,0.25,0.2,2,csf_benchmark,lsi,42,4
0.0,224,0.5,0.25,0.2,2,csf_benchmark,lsi_inductive,42,4
0.0,224,0.25,0.25,0.2,4,csf_benchmark,semantic,42,4
0.0,224,0.5,0.25,0.2,2,csf_benchmark,reranker,42,4
0.0,224,0.5,0.25,0.2,2,csf_benchmark,rrf_lexical,42,4
0.0,224,0.5,0.25,0.2,2,csf_benchmark,rrf_lexical_inductive,42,4
0.0,63,0.0,0.0,0.0,72,csf_benchmark,tfidf,43,8
0.0,20,0.0,0.0,0.0,25,csf_benchmark,bm25,43,8
0.0,63,0.0,0.0,0.0,25,csf_benchmark,lsi,43,8
0.0,63,0.0,0.0,0.0,66,csf_benchmark,lsi_inductive,43,8
0.0,160,0.5,0.125,0.2,2,csf_benchmark,semantic,43,8
1.0,131,1.0,0.125,0.2,1,csf_benchmark,reranker,43,8
0.0,63,0.0,0.0,0.0,62,csf_benchmark,rrf_lexical,43,8
0.0,63,0.0,0.0,0.0,72,csf_benchmark,rrf_lexical_inductive,43,8
1.0,272,1.0,0.5,0.2,1,csf_benchmark,tfidf,44,2
1.0,272,1.0,0.5,0.2,1,csf_benchmark,bm25,44,2
1.0,272,1.0,0.5,0.2,1,csf_benchmark,lsi,44,2
1.0,272,1.0,0.5,0.2,1,csf_benchmark,lsi_inductive,44,2
1.0,272,1.0,0.5,0.2,1,csf_benchmark,semantic,44,2
1.0,272,1.0,0.5,0.2,1,csf_benchmark,reranker,44,2
1.0,272,1.0,0.5,0.2,1,csf_benchmark,rrf_lexical,44,2
1.0,272,1.0,0.5,0.2,1,csf_benchmark,rrf_lexical_inductive,44,2
0.0,49,0.0,0.0,0.0,173,csf_benchmark,tfidf,45,1
0.0,248,0.0,0.0,0.0,51,csf_benchmark,bm25,45,1
0.0,49,0.0,0.0,0.0,139,csf_benchmark,lsi,45,1
0.0,210,0.0,0.0,0.0,154,csf_benchmark,lsi_inductive,45,1
0.0,210,0.0,0.0,0.0,13,csf_benchmark,semantic,45,1
0.0,210,0.0,0.0,0.0,12,csf_benchmark,reranker,45,1
0.0,49,0.0,0.0,0.0,92,csf_benchmark,rrf_lexical,45,1
0.0,49,0.0,0.0,0.0,92,csf_benchmark,rrf_lexical_inductive,45,1
0.0,266,0.0,0.0,0.0,21,csf_benchmark,tfidf,46,1
0.0,272,0.0,0.0,0.0,23,csf_benchmark,bm25,46,1
0.0,226,0.0,0.0,0.0,31,csf_benchmark,lsi,46,1
0.0,226,0.0,0.0,0.0,20,csf_benchmark,lsi_inductive,46,1
0.0,272,0.0,0.0,0.0,137,csf_benchmark,semantic,46,1
0.0,272,0.0,0.0,0.0,36,csf_benchmark,reranker,46,1
0.0,226,0.0,0.0,0.0,24,csf_benchmark,rrf_lexical,46,1
0.0,226,0.0,0.0,0.0,20,csf_benchmark,rrf_lexical_inductive,46,1
1.0,52,1.0,0.1111111111111111,0.2,1,csf_benchmark,tfidf,47,9
1.0,52,1.0,0.1111111111111111,0.2,1,csf_benchmark,bm25,47,9
1.0,52,1.0,0.1111111111111111,0.2,1,csf_benchmark,lsi,47,9
1.0,52,1.0,0.3333333333333333,0.6,1,csf_benchmark,lsi_inductive,47,9
0.0,207,0.2,0.1111111111111111,0.2,5,csf_benchmark,semantic,47,9
0.0,137,0.5,0.2222222222222222,0.4,2,csf_benchmark,reranker,47,9
1.0,52,1.0,0.1111111111111111,0.2,1,csf_benchmark,rrf_lexical,47,9
1.0,52,1.0,0.1111111111111111,0.2,1,csf_benchmark,rrf_lexical_inductive,47,9
1.0,204,1.0,0.2,0.2,1,csf_benchmark,tfidf,48,5
1.0,204,1.0,0.4,0.4,1,csf_benchmark,bm25,48,5
1.0,204,1.0,0.4,0.4,1,csf_benchmark,lsi,48,5
1.0,204,1.0,0.2,0.2,1,csf_benchmark,lsi_inductive,48,5
1.0,204,1.0,0.4,0.4,1,csf_benchmark,semantic,48,5
1.0,204,1.0,0.6,0.6,1,csf_benchmark,reranker,48,5
1.0,204,1.0,0.4,0.4,1,csf_benchmark,rrf_lexical,48,5
1.0,204,1.0,0.4,0.4,1,csf_benchmark,rrf_lexical_inductive,48,5
1.0,53,1.0,0.3333333333333333,0.2,1,csf_benchmark,tfidf,49,3
1.0,53,1.0,0.3333333333333333,0.2,1,csf_benchmark,bm25,49,3
1.0,53,1.0,0.6666666666666666,0.4,1,csf_benchmark,lsi,49,3
1.0,53,1.0,0.6666666666666666,0.4,1,csf_benchmark,lsi_inductive,49,3
1.0,53,1.0,0.3333333333333333,0.2,1,csf_benchmark,semantic,49,3
1.0,53,1.0,0.6666666666666666,0.4,1,csf_benchmark,reranker,49,3
1.0,53,1.0,0.6666666666666666,0.4,1,csf_benchmark,rrf_lexical,49,3
1.0,53,1.0,0.6666666666666666,0.4,1,csf_benchmark,rrf_lexical_inductive,49,3
1.0,72,1.0,0.3333333333333333,0.2,1,csf_benchmark,tfidf,50,3
1.0,72,1.0,0.3333333333333333,0.2,1,csf_benchmark,bm25,50,3
1.0,72,1.0,0.3333333333333333,0.2,1,csf_benchmark,lsi,50,3
1.0,72,1.0,0.3333333333333333,0.2,1,csf_benchmark,lsi_inductive,50,3
1.0,72,1.0,0.3333333333333333,0.2,1,csf_benchmark,semantic,50,3
1.0,72,1.0,0.3333333333333333,0.2,1,csf_benchmark,reranker,50,3
1.0,72,1.0,0.3333333333333333,0.2,1,csf_benchmark,rrf_lexical,50,3
1.0,72,1.0,0.3333333333333333,0.2,1,csf_benchmark,rrf_lexical_inductive,50,3
1.0,114,1.0,1.0,0.2,1,csf_benchmark,tfidf,51,1
0.0,248,0.3333333333333333,1.0,0.2,3,csf_benchmark,bm25,51,1
0.0,119,0.3333333333333333,1.0,0.2,3,csf_benchmark,lsi,51,1
1.0,114,1.0,1.0,0.2,1,csf_benchmark,lsi_inductive,51,1
1.0,114,1.0,1.0,0.2,1,csf_benchmark,semantic,51,1
1.0,114,1.0,1.0,0.2,1,csf_benchmark,reranker,51,1
1.0,114,1.0,1.0,0.2,1,csf_benchmark,rrf_lexical,51,1
1.0,114,1.0,1.0,0.2,1,csf_benchmark,rrf_lexical_inductive,51,1
0.0,63,0.0,0.0,0.0,27,csf_benchmark,tfidf,52,2
0.0,20,0.0,0.0,0.0,12,csf_benchmark,bm25,52,2
0.0,63,0.0,0.0,0.0,32,csf_benchmark,lsi,52,2
0.0,63,0.0,0.0,0.0,21,csf_benchmark,lsi_inductive,52,2
0.0,263,0.0,0.0,0.0,53,csf_benchmark,semantic,52,2
0.0,160,0.0,0.0,0.0,284,csf_benchmark,reranker,52,2
0.0,63,0.0,0.0,0.0,26,csf_benchmark,rrf_lexical,52,2
0.0,63,0.0,0.0,0.0,20,csf_benchmark,rrf_lexical_inductive,52,2
0.0,154,0.0,0.0,0.0,37,csf_benchmark,tfidf,53,9
0.0,154,0.0,0.0,0.0,33,csf_benchmark,bm25,53,9
0.0,154,0.0,0.0,0.0,49,csf_benchmark,lsi,53,9
0.0,273,0.0,0.0,0.0,34,csf_benchmark,lsi_inductive,53,9
0.0,268,0.0,0.0,0.0,15,csf_benchmark,semantic,53,9
0.0,273,0.0,0.0,0.0,6,csf_benchmark,reranker,53,9
0.0,154,0.0,0.0,0.0,35,csf_benchmark,rrf_lexical,53,9
0.0,154,0.0,0.0,0.0,33,csf_benchmark,rrf_lexical_inductive,53,9
0.0,222,0.0,0.0,0.0,35,csf_benchmark,tfidf,54,5
0.0,222,0.0,0.0,0.0,37,csf_benchmark,bm25,54,5
0.0,222,0.0,0.0,0.0,43,csf_benchmark,lsi,54,5
0.0,222,0.0,0.0,0.0,36,csf_benchmark,lsi_inductive,54,5
0.0,260,0.0,0.0,0.0,66,csf_benchmark,semantic,54,5
0.0,225,0.0,0.0,0.0,107,csf_benchmark,reranker,54,5
0.0,222,0.0,0.0,0.0,34,csf_benchmark,rrf_lexical,54,5
0.0,222,0.0,0.0,0.0,35,csf_benchmark,rrf_lexical_inductive,54,5
1.0,73,1.0,0.375,0.6,1,csf_benchmark,tfidf,55,8
0.0,93,0.5,0.5,0.8,2,csf_benchmark,bm25,55,8
1.0,73,1.0,0.375,0.6,1,csf_benchmark,lsi,55,8
0.0,93,0.5,0.25,0.4,2,csf_benchmark,lsi_inductive,55,8
1.0,97,1.0,0.375,0.6,1,csf_benchmark,semantic,55,8
1.0,97,1.0,0.375,0.6,1,csf_benchmark,reranker,55,8
1.0,73,1.0,0.375,0.6,1,csf_benchmark,rrf_lexical,55,8
0.0,93,0.5,0.5,0.8,2,csf_benchmark,rrf_lexical_inductive,55,8
0.0,73,0.25,0.3333333333333333,0.2,4,csf_benchmark,tfidf,56,3
1.0,157,1.0,0.3333333333333333,0.2,1,csf_benchmark,bm25,56,3
0.0,73,0.3333333333333333,0.3333333333333333,0.2,3,csf_benchmark,lsi,56,3
0.0,73,0.0,0.0,0.0,6,csf_benchmark,lsi_inductive,56,3
0.0,73,0.5,0.3333333333333333,0.2,2,csf_benchmark,semantic,56,3
0.0,93,0.5,1.0,0.6,2,csf_benchmark,reranker,56,3
0.0,73,0.5,0.3333333333333333,0.2,2,csf_benchmark,rrf_lexical,56,3
0.0,73,0.0,0.0,0.0,7,csf_benchmark,rrf_lexical_inductive,56,3
1.0,215,1.0,0.2,0.4,1,csf_benchmark,tfidf,57,10
1.0,178,1.0,0.2,0.4,1,csf_benchmark,bm25,57,10
1.0,215,1.0,0.3,0.6,1,csf_benchmark,lsi,57,10
0.0,222,0.3333333333333333,0.2,0.4,3,csf_benchmark,lsi_inductive,57,10
0.0,156,0.5,0.2,0.4,2,csf_benchmark,semantic,57,10
1.0,178,1.0,0.3,0.6,1,csf_benchmark,reranker,57,10
1.0,215,1.0,0.2,0.4,1,csf_benchmark,rrf_lexical,57,10
1.0,215,1.0,0.2,0.4,1,csf_benchmark,rrf_lexical_inductive,57,10
1.0,196,1.0,0.25,0.2,1,csf_benchmark,tfidf,58,4
0.0,59,0.5,0.25,0.2,2,csf_benchmark,bm25,58,4
1.0,196,1.0,0.25,0.2,1,csf_benchmark,lsi,58,4
0.0,68,0.5,0.25,0.2,2,csf_benchmark,lsi_inductive,58,4
1.0,196,1.0,0.25,0.2,1,csf_benchmark,semantic,58,4
0.0,147,0.0,0.0,0.0,7,csf_benchmark,reranker,58,4
1.0,196,1.0,0.25,0.2,1,csf_benchmark,rrf_lexical,58,4
1.0,196,1.0,0.25,0.2,1,csf_benchmark,rrf_lexical_inductive,58,4
1.0,101,1.0,0.8,0.8,1,csf_benchmark,tfidf,59,5
1.0,100,1.0,0.4,0.4,1,csf_benchmark,bm25,59,5
1.0,101,1.0,0.6,0.6,1,csf_benchmark,lsi,59,5
1.0,101,1.0,0.6,0.6,1,csf_benchmark,lsi_inductive,59,5
1.0,99,1.0,0.8,0.8,1,csf_benchmark,semantic,59,5
1.0,100,1.0,0.8,0.8,1,csf_benchmark,reranker,59,5
1.0,101,1.0,0.6,0.6,1,csf_benchmark,rrf_lexical,59,5
1.0,101,1.0,0.6,0.6,1,csf_benchmark,rrf_lexical_inductive,59,5
0.0,14,0.0,0.0,0.0,10,csf_benchmark,tfidf,60,1
0.0,39,0.25,1.0,0.2,4,csf_benchmark,bm25,60,1
0.0,100,0.0,0.0,0.0,6,csf_benchmark,lsi,60,1
0.0,103,0.3333333333333333,1.0,0.2,3,csf_benchmark,lsi_inductive,60,1
0.0,77,0.3333333333333333,1.0,0.2,3,csf_benchmark,semantic,60,1
0.0,103,0.3333333333333333,1.0,0.2,3,csf_benchmark,reranker,60,1
0.0,100,0.2,1.0,0.2,5,csf_benchmark,rrf_lexical,60,1
0.0,103,0.2,1.0,0.2,5,csf_benchmark,rrf_lexical_inductive,60,1
0.0,31,0.3333333333333333,0.2222222222222222,0.4,3,csf_benchmark,tfidf,61,9
0.0,31,0.25,0.1111111111111111,0.2,4,csf_benchmark,bm25,61,9
0.0,31,0.25,0.2222222222222222,0.4,4,csf_benchmark,lsi,61,9
0.0,31,0.25,0.2222222222222222,0.4,4,csf_benchmark,lsi_inductive,61,9
1.0,33,1.0,0.4444444444444444,0.8,1,csf_benchmark,semantic,61,9
1.0,28,1.0,0.5555555555555556,1.0,1,csf_benchmark,reranker,61,9
0.0,31,0.3333333333333333,0.2222222222222222,0.4,3,csf_benchmark,rrf_lexical,61,9
0.0,31,0.3333333333333333,0.2222222222222222,0.4,3,csf_benchmark,rrf_lexical_inductive,61,9
1.0,106,1.0,0.7142857142857143,1.0,1,csf_benchmark,tfidf,62,7
0.0,60,0.5,0.42857142857142855,0.6,2,csf_benchmark,bm25,62,7
1.0,110,1.0,0.5714285714285714,0.8,1,csf_benchmark,lsi,62,7
1.0,110,1.0,0.7142857142857143,1.0,1,csf_benchmark,lsi_inductive,62,7
1.0,112,1.0,0.7142857142857143,1.0,1,csf_benchmark,semantic,62,7
1.0,112,1.0,0.5714285714285714,0.8,1,csf_benchmark,reranker,62,7
1.0,112,1.0,0.5714285714285714,0.8,1,csf_benchmark,rrf_lexical,62,7
1.0,106,1.0,0.5714285714285714,0.8,1,csf_benchmark,rrf_lexical_inductive,62,7
0.0,220,0.5,0.5,0.2,2,csf_benchmark,tfidf,63,2
1.0,57,1.0,0.5,0.2,1,csf_benchmark,bm25,63,2
0.0,220,0.5,0.5,0.2,2,csf_benchmark,lsi,63,2
1.0,57,1.0,0.5,0.2,1,csf_benchmark,lsi_inductive,63,2
1.0,57,1.0,0.5,0.2,1,csf_benchmark,semantic,63,2
1.0,57,1.0,0.5,0.2,1,csf_benchmark,reranker,63,2
1.0,57,1.0,0.5,0.2,1,csf_benchmark,rrf_lexical,63,2
1.0,57,1.0,0.5,0.2,1,csf_benchmark,rrf_lexical_inductive,63,2
1.0,225,1.0,0.1875,0.6,1,csf_benchmark,tfidf,64,16
1.0,225,1.0,0.25,0.8,1,csf_benchmark,bm25,64,16
1.0,228,1.0,0.25,0.8,1,csf_benchmark,lsi,64,16
1.0,228,1.0,0.25,0.8,1,csf_benchmark,lsi_inductive,64,16
0.0,117,0.25,0.0625,0.2,4,csf_benchmark,semantic,64,16
1.0,225,1.0,0.0625,0.2,1,csf_benchmark,reranker,64,16
1.0,225,1.0,0.1875,0.6,1,csf_benchmark,rrf_lexical,64,16
1.0,225,1.0,0.1875,0.6,1,csf_benchmark,rrf_lexical_inductive,64,16
0.0,87,0.0,0.0,0.0,7,csf_benchmark,tfidf,65,8
0.0,86,0.0,0.0,0.0,18,csf_benchmark,bm25,65,8
0.0,86,0.0,0.0,0.0,15,csf_benchmark,lsi,65,8
0.0,86,0.25,0.125,0.2,4,csf_benchmark,lsi_inductive,65,8
0.0,277,0.25,0.125,0.2,4,csf_benchmark,semantic,65,8
1.0,76,1.0,0.125,0.2,1,csf_benchmark,reranker,65,8
0.0,86,0.0,0.0,0.0,14,csf_benchmark,rrf_lexical,65,8
0.0,86,0.0,0.0,0.0,10,csf_benchmark,rrf_lexical_inductive,65,8
0.0,142,0.5,0.2,0.2,2,csf_benchmark,tfidf,66,5
0.0,142,0.2,0.2,0.2,5,csf_benchmark,bm25,66,5
0.0,142,0.2,0.2,0.2,5,csf_benchmark,lsi,66,5
0.0,142,0.2,0.2,0.2,5,csf_benchmark,lsi_inductive,66,5
1.0,3,1.0,0.4,0.4,1,csf_benchmark,semantic,66,5
1.0,45,1.0,0.4,0.4,1,csf_benchmark,reranker,66,5
0.0,142,0.5,0.2,0.2,2,csf_benchmark,rrf_lexical,66,5
0.0,142,0.5,0.2,0.2,2,csf_benchmark,rrf_lexical_inductive,66,5
0.0,299,0.25,0.2,0.2,4,csf_benchmark,tfidf,67,5
0.0,283,0.3333333333333333,0.2,0.2,3,csf_benchmark,bm25,67,5
0.0,299,0.2,0.2,0.2,5,csf_benchmark,lsi,67,5
0.0,299,0.2,0.2,0.2,5,csf_benchmark,lsi_inductive,67,5
0.0,296,0.0,0.0,0.0,23,csf_benchmark,semantic,67,5
0.0,241,0.0,0.0,0.0,26,csf_benchmark,reranker,67,5
0.0,292,0.25,0.2,0.2,4,csf_benchmark,rrf_lexical,67,5
0.0,292,0.3333333333333333,0.2,0.2,3,csf_benchmark,rrf_lexical_inductive,67,5
0.0,30,0.0,0.0,0.0,22,csf_benchmark,tfidf,68,7
0.0,39,0.0,0.0,0.0,29,csf_benchmark,bm25,68,7
0.0,30,0.0,0.0,0.0,31,csf_benchmark,lsi,68,7
0.0,30,0.0,0.0,0.0,25,csf_benchmark,lsi_inductive,68,7
0.0,256,0.0,0.0,0.0,7,csf_benchmark,semantic,68,7
0.0,256,0.3333333333333333,0.14285714285714285,0.2,3,csf_benchmark,reranker,68,7
0.0,30,0.0,0.0,0.0,26,csf_benchmark,rrf_lexical,68,7
0.0,30,0.0,0.0,0.0,26,csf_benchmark,rrf_lexical_inductive,68,7
0.0,54,0.2,0.25,0.2,5,csf_benchmark,tfidf,69,4
0.0,283,0.3333333333333333,0.25,0.2,3,csf_benchmark,bm25,69,4
0.0,54,0.0,0.0,0.0,6,csf_benchmark,lsi,69,4
0.0,54,0.0,0.0,0.0,14,csf_benchmark,lsi_inductive,69,4
0.0,54,0.0,0.0,0.0,8,csf_benchmark,semantic,69,4
0.0,54,0.5,0.25,0.2,2,csf_benchmark,reranker,69,4
0.0,54,0.25,0.25,0.2,4,csf_benchmark,rrf_lexical,69,4
0.0,54,0.2,0.25,0.2,5,csf_benchmark,rrf_lexical_inductive,69,4
1.0,97,1.0,0.6666666666666666,0.4,1,csf_benchmark,tfidf,70,3
0.0,283,0.5,0.6666666666666666,0.4,2,csf_benchmark,bm25,70,3
1.0,93,1.0,1.0,0.6,1,csf_benchmark,lsi,70,3
0.0,96,0.5,0.6666666666666666,0.4,2,csf_benchmark,lsi_inductive,70,3
1.0,94,1.0,0.3333333333333333,0.2,1,csf_benchmark,semantic,70,3
1.0,94,1.0,0.6666666666666666,0.4,1,csf_benchmark,reranker,70,3
1.0,93,1.0,0.6666666666666666,0.4,1,csf_benchmark,rrf_lexical,70,3
1.0,97,1.0,0.6666666666666666,0.4,1,csf_benchmark,rrf_lexical_inductive,70,3
0.0,227,0.5,0.16666666666666666,0.2,2,csf_benchmark,tfidf,71,6
1.0,269,1.0,0.16666666666666666,0.2,1,csf_benchmark,bm25,71,6
0.0,227,0.5,0.16666666666666666,0.2,2,csf_benchmark,lsi,71,6
0.0,227,0.3333333333333333,0.16666666666666666,0.2,3,csf_benchmark,lsi_inductive,71,6
1.0,269,1.0,0.16666666666666666,0.2,1,csf_benchmark,semantic,71,6
1.0,269,1.0,0.16666666666666666,0.2,1,csf_benchmark,reranker,71,6
1.0,269,1.0,0.16666666666666666,0.2,1,csf_benchmark,rrf_lexical,71,6
1.0,269,1.0,0.16666666666666666,0.2,1,csf_benchmark,rrf_lexical_inductive,71,6
1.0,119,1.0,0.3333333333333333,0.2,1,csf_benchmark,tfidf,72,3
1.0,119,1.0,0.3333333333333333,0.2,1,csf_benchmark,bm25,72,3
1.0,119,1.0,0.3333333333333333,0.2,1,csf_benchmark,lsi,72,3
1.0,119,1.0,0.3333333333333333,0.2,1,csf_benchmark,lsi_inductive,72,3
1.0,119,1.0,0.3333333333333333,0.2,1,csf_benchmark,semantic,72,3
1.0,119,1.0,0.3333333333333333,0.2,1,csf_benchmark,reranker,72,3
1.0,119,1.0,0.3333333333333333,0.2,1,csf_benchmark,rrf_lexical,72,3
1.0,119,1.0,0.3333333333333333,0.2,1,csf_benchmark,rrf_lexical_inductive,72,3
0.0,33,0.0,0.0,0.0,39,csf_benchmark,tfidf,73,6
0.0,33,0.3333333333333333,0.16666666666666666,0.2,3,csf_benchmark,bm25,73,6
0.0,33,0.0,0.0,0.0,48,csf_benchmark,lsi,73,6
0.0,54,0.0,0.0,0.0,24,csf_benchmark,lsi_inductive,73,6
0.0,269,0.0,0.0,0.0,8,csf_benchmark,semantic,73,6
0.0,269,0.25,0.16666666666666666,0.2,4,csf_benchmark,reranker,73,6
0.0,33,0.0,0.0,0.0,44,csf_benchmark,rrf_lexical,73,6
0.0,33,0.0,0.0,0.0,36,csf_benchmark,rrf_lexical_inductive,73,6
1.0,268,1.0,0.25,0.2,1,csf_benchmark,tfidf,74,4
0.0,249,0.5,0.25,0.2,2,csf_benchmark,bm25,74,4
1.0,268,1.0,0.25,0.2,1,csf_benchmark,lsi,74,4
0.0,249,0.5,0.25,0.2,2,csf_benchmark,lsi_inductive,74,4
1.0,268,1.0,0.25,0.2,1,csf_benchmark,semantic,74,4
1.0,268,1.0,0.5,0.4,1,csf_benchmark,reranker,74,4
1.0,268,1.0,0.25,0.2,1,csf_benchmark,rrf_lexical,74,4
0.0,249,0.5,0.25,0.2,2,csf_benchmark,rrf_lexical_inductive,74,4
1.0,234,1.0,0.3333333333333333,0.2,1,csf_benchmark,tfidf,75,3
1.0,234,1.0,0.3333333333333333,0.2,1,csf_benchmark,bm25,75,3
1.0,234,1.0,0.3333333333333333,0.2,1,csf_benchmark,lsi,75,3
1.0,234,1.0,0.3333333333333333,0.2,1,csf_benchmark,lsi_inductive,75,3
1.0,234,1.0,0.3333333333333333,0.2,1,csf_benchmark,semantic,75,3
0.0,272,0.25,0.3333333333333333,0.2,4,csf_benchmark,reranker,75,3
1.0,234,1.0,0.3333333333333333,0.2,1,csf_benchmark,rrf_lexical,75,3
1.0,234,1.0,0.3333333333333333,0.2,1,csf_benchmark,rrf_lexical_inductive,75,3
1.0,182,1.0,0.4,0.4,1,csf_benchmark,tfidf,76,5
0.0,33,0.5,0.4,0.4,2,csf_benchmark,bm25,76,5
0.0,223,0.3333333333333333,0.2,0.2,3,csf_benchmark,lsi,76,5
1.0,208,1.0,0.4,0.4,1,csf_benchmark,lsi_inductive,76,5
1.0,269,1.0,0.4,0.4,1,csf_benchmark,semantic,76,5
1.0,269,1.0,0.6,0.6,1,csf_benchmark,reranker,76,5
1.0,182,1.0,0.4,0.4,1,csf_benchmark,rrf_lexical,76,5
1.0,182,1.0,0.4,0.4,1,csf_benchmark,rrf_lexical_inductive,76,5
1.0,269,1.0,0.2857142857142857,0.4,1,csf_benchmark,tfidf,77,7
1.0,269,1.0,0.14285714285714285,0.2,1,csf_benchmark,bm25,77,7
1.0,269,1.0,0.2857142857142857,0.4,1,csf_benchmark,lsi,77,7
1.0,269,1.0,0.2857142857142857,0.4,1,csf_benchmark,lsi_inductive,77,7
1.0,269,1.0,0.2857142857142857,0.4,1,csf_benchmark,semantic,77,7
1.0,269,1.0,0.14285714285714285,0.2,1,csf_benchmark,reranker,77,7
1.0,269,1.0,0.2857142857142857,0.4,1,csf_benchmark,rrf_lexical,77,7
1.0,269,1.0,0.2857142857142857,0.4,1,csf_benchmark,rrf_lexical_inductive,77,7
1.0,196,1.0,1.0,0.2,1,csf_benchmark,tfidf,78,1
1.0,196,1.0,1.0,0.2,1,csf_benchmark,bm25,78,1
1.0,196,1.0,1.0,0.2,1,csf_benchmark,lsi,78,1
1.0,196,1.0,1.0,0.2,1,csf_benchmark,lsi_inductive,78,1
1.0,196,1.0,1.0,0.2,1,csf_benchmark,semantic,78,1
1.0,196,1.0,1.0,0.2,1,csf_benchmark,reranker,78,1
1.0,196,1.0,1.0,0.2,1,csf_benchmark,rrf_lexical,78,1
1.0,196,1.0,1.0,0.2,1,csf_benchmark,rrf_lexical_inductive,78,1
0.0,28,0.0,0.0,0.0,34,csf_benchmark,tfidf,79,3
0.0,283,0.0,0.0,0.0,12,csf_benchmark,bm25,79,3
0.0,296,0.0,0.0,0.0,45,csf_benchmark,lsi,79,3
0.0,184,0.0,0.0,0.0,74,csf_benchmark,lsi_inductive,79,3
0.0,283,0.0,0.0,0.0,50,csf_benchmark,semantic,79,3
0.0,28,0.0,0.0,0.0,54,csf_benchmark,reranker,79,3
0.0,28,0.0,0.0,0.0,33,csf_benchmark,rrf_lexical,79,3
0.0,28,0.0,0.0,0.0,30,csf_benchmark,rrf_lexical_inductive,79,3
0.0,93,0.3333333333333333,0.1111111111111111,0.2,3,csf_benchmark,tfidf,80,9
0.0,93,0.0,0.0,0.0,16,csf_benchmark,bm25,80,9
0.0,125,0.5,0.1111111111111111,0.2,2,csf_benchmark,lsi,80,9
0.0,276,0.0,0.0,0.0,10,csf_benchmark,lsi_inductive,80,9
0.0,256,0.5,0.2222222222222222,0.4,2,csf_benchmark,semantic,80,9
1.0,269,1.0,0.2222222222222222,0.4,1,csf_benchmark,reranker,80,9
0.0,93,0.2,0.1111111111111111,0.2,5,csf_benchmark,rrf_lexical,80,9
0.0,276,0.0,0.0,0.0,10,csf_benchmark,rrf_lexical_inductive,80,9
0.0,125,0.0,0.0,0.0,13,csf_benchmark,tfidf,81,5
0.0,283,0.0,0.0,0.0,6,csf_benchmark,bm25,81,5
0.0,296,0.0,0.0,0.0,16,csf_benchmark,lsi,81,5
0.0,141,0.0,0.0,0.0,22,csf_benchmark,lsi_inductive,81,5
0.0,297,0.2,0.2,0.2,5,csf_benchmark,semantic,81,5
0.0,272,0.2,0.2,0.2,5,csf_benchmark,reranker,81,5
0.0,125,0.0,0.0,0.0,12,csf_benchmark,rrf_lexical,81,5
0.0,125,0.0,0.0,0.0,13,csf_benchmark,rrf_lexical_inductive,81,5
0.0,30,0.0,0.0,0.0,50,csf_benchmark,tfidf,82,5
0.0,283,0.0,0.0,0.0,28,csf_benchmark,bm25,82,5
0.0,30,0.0,0.0,0.0,74,csf_benchmark,lsi,82,5
0.0,30,0.0,0.0,0.0,67,csf_benchmark,lsi_inductive,82,5
0.0,29,0.0,0.0,0.0,14,csf_benchmark,semantic,82,5
0.0,283,0.2,0.2,0.2,5,csf_benchmark,reranker,82,5
0.0,30,0.0,0.0,0.0,48,csf_benchmark,rrf_lexical,82,5
0.0,30,0.0,0.0,0.0,48,csf_benchmark,rrf_lexical_inductive,82,5
0.0,125,0.0,0.0,0.0,21,csf_benchmark,tfidf,83,6
0.0,283,0.0,0.0,0.0,19,csf_benchmark,bm25,83,6
0.0,296,0.0,0.0,0.0,23,csf_benchmark,lsi,83,6
0.0,141,0.0,0.0,0.0,31,csf_benchmark,lsi_inductive,83,6
0.0,297,0.2,0.16666666666666666,0.2,5,csf_benchmark,semantic,83,6
0.0,283,0.2,0.16666666666666666,0.2,5,csf_benchmark,reranker,83,6
0.0,125,0.0,0.0,0.0,18,csf_benchmark,rrf_lexical,83,6
0.0,125,0.0,0.0,0.0,20,csf_benchmark,rrf_lexical_inductive,83,6
1.0,97,1.0,0.25,0.2,1,csf_benchmark,tfidf,84,4
1.0,97,1.0,0.5,0.4,1,csf_benchmark,bm25,84,4
1.0,97,1.0,0.5,0.4,1,csf_benchmark,lsi,84,4
1.0,97,1.0,0.5,0.4,1,csf_benchmark,lsi_inductive,84,4
1.0,97,1.0,0.25,0.2,1,csf_benchmark,semantic,84,4
1.0,97,1.0,0.5,0.4,1,csf_benchmark,reranker,84,4
1.0,97,1.0,0.5,0.4,1,csf_benchmark,rrf_lexical,84,4
1.0,97,1.0,0.5,0.4,1,csf_benchmark,rrf_lexical_inductive,84,4
1.0,97,1.0,0.25,0.2,1,csf_benchmark,tfidf,85,4
1.0,97,1.0,0.25,0.2,1,csf_benchmark,bm25,85,4
0.0,139,0.3333333333333333,0.25,0.2,3,csf_benchmark,lsi,85,4
1.0,97,1.0,0.5,0.4,1,csf_benchmark,lsi_inductive,85,4
0.0,4,0.0,0.0,0.0,20,csf_benchmark,semantic,85,4
1.0,97,1.0,0.25,0.2,1,csf_benchmark,reranker,85,4
1.0,97,1.0,0.25,0.2,1,csf_benchmark,rrf_lexical,85,4
1.0,97,1.0,0.25,0.2,1,csf_benchmark,rrf_lexical_inductive,85,4
0.0,94,0.0,0.0,0.0,9,csf_benchmark,tfidf,86,3
0.0,147,0.0,0.0,0.0,30,csf_benchmark,bm25,86,3
0.0,215,0.0,0.0,0.0,8,csf_benchmark,lsi,86,3
0.0,94,0.25,0.3333333333333333,0.2,4,csf_benchmark,lsi_inductive,86,3
0.0,94,0.5,0.3333333333333333,0.2,2,csf_benchmark,semantic,86,3
0.0,93,0.5,0.6666666666666666,0.4,2,csf_benchmark,reranker,86,3
0.0,215,0.0,0.0,0.0,12,csf_benchmark,rrf_lexical,86,3
0.0,215,0.0,0.0,0.0,11,csf_benchmark,rrf_lexical_inductive,86,3
0.0,222,0.25,0.3333333333333333,0.2,4,csf_benchmark,tfidf,87,3
0.0,222,0.25,0.3333333333333333,0.2,4,csf_benchmark,bm25,87,3
0.0,222,0.3333333333333333,0.3333333333333333,0.2,3,csf_benchmark,lsi,87,3
0.0,222,0.5,0.3333333333333333,0.2,2,csf_benchmark,lsi_inductive,87,3
1.0,97,1.0,0.3333333333333333,0.2,1,csf_benchmark,semantic,87,3
1.0,97,1.0,0.3333333333333333,0.2,1,csf_benchmark,reranker,87,3
0.0,222,0.25,0.3333333333333333,0.2,4,csf_benchmark,rrf_lexical,87,3
0.0,222,0.3333333333333333,0.3333333333333333,0.2,3,csf_benchmark,rrf_lexical_inductive,87,3
0.0,137,0.3333333333333333,0.25,0.2,3,csf_benchmark,tfidf,88,4
0.0,157,0.2,0.25,0.2,5,csf_benchmark,bm25,88,4
0.0,137,0.3333333333333333,0.25,0.2,3,csf_benchmark,lsi,88,4
1.0,97,1.0,0.5,0.4,1,csf_benchmark,lsi_inductive,88,4
1.0,97,1.0,0.25,0.2,1,csf_benchmark,semantic,88,4
1.0,93,1.0,0.75,0.6,1,csf_benchmark,reranker,88,4
0.0,137,0.25,0.25,0.2,4,csf_benchmark,rrf_lexical,88,4
0.0,91,0.3333333333333333,0.5,0.4,3,csf_benchmark,rrf_lexical_inductive,88,4
0.0,18,0.0,0.0,0.0,32,csf_benchmark,tfidf,89,2
0.0,159,0.0,0.0,0.0,14,csf_benchmark,bm25,89,2
0.0,18,0.0,0.0,0.0,30,csf_benchmark,lsi,89,2
0.0,159,0.0,0.0,0.0,16,csf_benchmark,lsi_inductive,89,2
0.0,159,0.2,0.5,0.2,5,csf_benchmark,semantic,89,2
0.0,159,0.3333333333333333,0.5,0.2,3,csf_benchmark,reranker,89,2
0.0,18,0.0,0.0,0.0,14,csf_benchmark,rrf_lexical,89,2
0.0,159,0.0,0.0,0.0,12,csf_benchmark,rrf_lexical_inductive,89,2
0.0,125,0.0,0.0,0.0,19,csf_benchmark,tfidf,90,7
0.0,125,0.5,0.14285714285714285,0.2,2,csf_benchmark,bm25,90,7
0.0,125,0.0,0.0,0.0,73,csf_benchmark,lsi,90,7
0.0,125,0.0,0.0,0.0,52,csf_benchmark,lsi_inductive,90,7
0.0,7,0.5,0.14285714285714285,0.2,2,csf_benchmark,semantic,90,7
0.0,7,0.3333333333333333,0.2857142857142857,0.4,3,csf_benchmark,reranker,90,7
0.0,125,0.0,0.0,0.0,20,csf_benchmark,rrf_lexical,90,7
0.0,125,0.0,0.0,0.0,18,csf_benchmark,rrf_lexical_inductive,90,7
0.0,97,0.3333333333333333,0.3333333333333333,0.2,3,csf_benchmark,tfidf,91,3
1.0,93,1.0,0.3333333333333333,0.2,1,csf_benchmark,bm25,91,3
0.0,97,0.3333333333333333,0.3333333333333333,0.2,3,csf_benchmark,lsi,91,3
0.0,96,0.3333333333333333,0.3333333333333333,0.2,3,csf_benchmark,lsi_inductive,91,3
0.0,94,0.5,0.3333333333333333,0.2,2,csf_benchmark,semantic,91,3
0.0,96,0.3333333333333333,0.3333333333333333,0.2,3,csf_benchmark,reranker,91,3
0.0,97,0.5,0.3333333333333333,0.2,2,csf_benchmark,rrf_lexical,91,3
0.0,97,0.5,0.3333333333333333,0.2,2,csf_benchmark,rrf_lexical_inductive,91,3
0.0,37,0.0,0.0,0.0,209,csf_benchmark,tfidf,92,2
0.0,37,0.0,0.0,0.0,9,csf_benchmark,bm25,92,2
0.0,37,0.0,0.0,0.0,221,csf_benchmark,lsi,92,2
0.0,37,0.0,0.0,0.0,82,csf_benchmark,lsi_inductive,92,2
0.0,246,0.0,0.0,0.0,11,csf_benchmark,semantic,92,2
0.0,37,0.0,0.0,0.0,13,csf_benchmark,reranker,92,2
0.0,37,0.0,0.0,0.0,84,csf_benchmark,rrf_lexical,92,2
0.0,37,0.0,0.0,0.0,80,csf_benchmark,rrf_lexical_inductive,92,2
0.0,137,0.25,0.4,0.4,4,csf_benchmark,tfidf,93,5
1.0,93,1.0,0.2,0.2,1,csf_benchmark,bm25,93,5
0.0,137,0.25,0.2,0.2,4,csf_benchmark,lsi,93,5
0.0,96,0.5,0.4,0.4,2,csf_benchmark,lsi_inductive,93,5
1.0,97,1.0,0.4,0.4,1,csf_benchmark,semantic,93,5
1.0,93,1.0,0.4,0.4,1,csf_benchmark,reranker,93,5
0.0,137,0.2,0.2,0.2,5,csf_benchmark,rrf_lexical,93,5
0.0,96,0.3333333333333333,0.4,0.4,3,csf_benchmark,rrf_lexical_inductive,93,5
0.0,50,0.25,0.125,0.2,4,csf_benchmark,tfidf,94,8
1.0,270,1.0,0.125,0.2,1,csf_benchmark,bm25,94,8
0.0,50,0.5,0.125,0.2,2,csf_benchmark,lsi,94,8
0.0,50,0.5,0.125,0.2,2,csf_benchmark,lsi_inductive,94,8
0.0,211,0.3333333333333333,0.125,0.2,3,csf_benchmark,semantic,94,8
0.0,196,0.3333333333333333,0.125,0.2,3,csf_benchmark,reranker,94,8
0.0,50,0.5,0.125,0.2,2,csf_benchmark,rrf_lexical,94,8
0.0,50,0.5,0.125,0.2,2,csf_benchmark,rrf_lexical_inductive,94,8
0.0,72,0.0,0.0,0.0,11,csf_benchmark,tfidf,95,1
0.0,72,0.3333333333333333,1.0,0.2,3,csf_benchmark,bm25,95,1
0.0,94,0.0,0.0,0.0,12,csf_benchmark,lsi,95,1
0.0,94,0.0,0.0,0.0,6,csf_benchmark,lsi_inductive,95,1
0.0,94,0.3333333333333333,1.0,0.2,3,csf_benchmark,semantic,95,1
0.0,94,0.25,1.0,0.2,4,csf_benchmark,reranker,95,1
0.0,72,0.0,0.0,0.0,9,csf_benchmark,rrf_lexical,95,1
0.0,72,0.0,0.0,0.0,6,csf_benchmark,rrf_lexical_inductive,95,1
0.0,94,0.0,0.0,0.0,10,csf_benchmark,tfidf,96,1
0.0,39,0.25,1.0,0.2,4,csf_benchmark,bm25,96,1
0.0,94,0.0,0.0,0.0,12,csf_benchmark,lsi,96,1
0.0,94,0.25,1.0,0.2,4,csf_benchmark,lsi_inductive,96,1
0.0,94,0.3333333333333333,1.0,0.2,3,csf_benchmark,semantic,96,1
1.0,93,1.0,1.0,0.2,1,csf_benchmark,reranker,96,1
0.0,94,0.0,0.0,0.0,8,csf_benchmark,rrf_lexical,96,1
0.0,94,0.2,1.0,0.2,5,csf_benchmark,rrf_lexical_inductive,96,1
1.0,196,1.0,0.2,0.2,1,csf_benchmark,tfidf,97,5
0.0,39,0.5,0.2,0.2,2,csf_benchmark,bm25,97,5
1.0,196,1.0,0.2,0.2,1,csf_benchmark,lsi,97,5
1.0,196,1.0,0.2,0.2,1,csf_benchmark,lsi_inductive,97,5
1.0,195,1.0,0.4,0.4,1,csf_benchmark,semantic,97,5
1.0,196,1.0,0.6,0.6,1,csf_benchmark,reranker,97,5
1.0,196,1.0,0.2,0.2,1,csf_benchmark,rrf_lexical,97,5
1.0,196,1.0,0.2,0.2,1,csf_benchmark,rrf_lexical_inductive,97,5
0.0,137,0.3333333333333333,0.6666666666666666,0.4,3,csf_benchmark,tfidf,98,3
1.0,93,1.0,0.3333333333333333,0.2,1,csf_benchmark,bm25,98,3
0.0,184,0.3333333333333333,0.3333333333333333,0.2,3,csf_benchmark,lsi,98,3
0.0,91,0.5,0.6666666666666666,0.4,2,csf_benchmark,lsi_inductive,98,3
1.0,97,1.0,0.3333333333333333,0.2,1,csf_benchmark,semantic,98,3
1.0,97,1.0,0.6666666666666666,0.4,1,csf_benchmark,reranker,98,3
1.0,93,1.0,0.3333333333333333,0.2,1,csf_benchmark,rrf_lexical,98,3
1.0,93,1.0,0.6666666666666666,0.4,1,csf_benchmark,rrf_lexical_inductive,98,3
0.0,292,0.5,0.3333333333333333,0.2,2,csf_benchmark,tfidf,99,3
0.0,292,0.3333333333333333,0.6666666666666666,0.4,3,csf_benchmark,bm25,99,3
0.0,292,0.3333333333333333,0.3333333333333333,0.2,3,csf_benchmark,lsi,99,3
1.0,97,1.0,0.3333333333333333,0.2,1,csf_benchmark,lsi_inductive,99,3
0.0,74,0.0,0.0,0.0,10,csf_benchmark,semantic,99,3
1.0,97,1.0,0.3333333333333333,0.2,1,csf_benchmark,reranker,99,3
0.0,292,0.5,0.3333333333333333,0.2,2,csf_benchmark,rrf_lexical,99,3
1.0,97,1.0,0.3333333333333333,0.2,1,csf_benchmark,rrf_lexical_inductive,99,3
1.0,73,1.0,1.0,0.6,1,csf_benchmark,tfidf,100,3
1.0,73,1.0,1.0,0.6,1,csf_benchmark,bm25,100,3
1.0,97,1.0,1.0,0.6,1,csf_benchmark,lsi,100,3
1.0,97,1.0,0.6666666666666666,0.4,1,csf_benchmark,lsi_inductive,100,3
1.0,73,1.0,0.6666666666666666,0.4,1,csf_benchmark,semantic,100,3
1.0,73,1.0,0.6666666666666666,0.4,1,csf_benchmark,reranker,100,3
1.0,73,1.0,1.0,0.6,1,csf_benchmark,rrf_lexical,100,3
1.0,97,1.0,1.0,0.6,1,csf_benchmark,rrf_lexical_inductive,100,3
0.0,73,0.3333333333333333,0.3333333333333333,0.2,3,csf_benchmark,tfidf,101,3
1.0,93,1.0,0.6666666666666666,0.4,1,csf_benchmark,bm25,101,3
0.0,73,0.25,0.3333333333333333,0.2,4,csf_benchmark,lsi,101,3
0.0,73,0.3333333333333333,0.3333333333333333,0.2,3,csf_benchmark,lsi_inductive,101,3
0.0,73,0.5,0.6666666666666666,0.4,2,csf_benchmark,semantic,101,3
1.0,93,1.0,1.0,0.6,1,csf_benchmark,reranker,101,3
0.0,73,0.5,0.3333333333333333,0.2,2,csf_benchmark,rrf_lexical,101,3
0.0,73,0.5,0.3333333333333333,0.2,2,csf_benchmark,rrf_lexical_inductive,101,3
0.0,73,0.25,0.3333333333333333,0.2,4,csf_benchmark,tfidf,102,3
0.0,292,0.25,0.3333333333333333,0.2,4,csf_benchmark,bm25,102,3
0.0,292,0.2,0.3333333333333333,0.2,5,csf_benchmark,lsi,102,3
0.0,73,0.0,0.0,0.0,16,csf_benchmark,lsi_inductive,102,3
0.0,73,0.2,0.3333333333333333,0.2,5,csf_benchmark,semantic,102,3
0.0,73,0.5,0.3333333333333333,0.2,2,csf_benchmark,reranker,102,3
0.0,292,0.2,0.3333333333333333,0.2,5,csf_benchmark,rrf_lexical,102,3
0.0,73,0.25,0.3333333333333333,0.2,4,csf_benchmark,rrf_lexical_inductive,102,3
0.0,233,0.0,0.0,0.0,299,csf_benchmark,tfidf,103,1
0.0,233,0.0,0.0,0.0,32,csf_benchmark,bm25,103,1
0.0,233,0.0,0.0,0.0,156,csf_benchmark,lsi,103,1
0.0,233,0.0,0.0,0.0,139,csf_benchmark,lsi_inductive,103,1
0.0,163,0.0,0.0,0.0,203,csf_benchmark,semantic,103,1
0.0,141,0.0,0.0,0.0,281,csf_benchmark,reranker,103,1
0.0,233,0.0,0.0,0.0,118,csf_benchmark,rrf_lexical,103,1
0.0,233,0.0,0.0,0.0,120,csf_benchmark,rrf_lexical_inductive,103,1
0.0,97,0.3333333333333333,1.0,0.2,3,csf_benchmark,tfidf,104,1
1.0,93,1.0,1.0,0.2,1,csf_benchmark,bm25,104,1
1.0,93,1.0,1.0,0.2,1,csf_benchmark,lsi,104,1
0.0,96,0.3333333333333333,1.0,0.2,3,csf_benchmark,lsi_inductive,104,1
0.0,267,0.0,0.0,0.0,38,csf_benchmark,semantic,104,1
0.0,38,0.0,0.0,0.0,267,csf_benchmark,reranker,104,1
1.0,93,1.0,1.0,0.2,1,csf_benchmark,rrf_lexical,104,1
0.0,97,0.5,1.0,0.2,2,csf_benchmark,rrf_lexical_inductive,104,1
0.0,73,0.0,0.0,0.0,8,csf_benchmark,tfidf,105,2
0.0,39,0.2,0.5,0.2,5,csf_benchmark,bm25,105,2
0.0,73,0.0,0.0,0.0,10,csf_benchmark,lsi,105,2
0.0,50,0.0,0.0,0.0,22,csf_benchmark,lsi_inductive,105,2
0.0,73,0.3333333333333333,0.5,0.2,3,csf_benchmark,semantic,105,2
1.0,93,1.0,1.0,0.4,1,csf_benchmark,reranker,105,2
0.0,50,0.0,0.0,0.0,6,csf_benchmark,rrf_lexical,105,2
0.0,50,0.0,0.0,0.0,8,csf_benchmark,rrf_lexical_inductive,105,2
0.0,176,0.0,0.0,0.0,53,hipaa_benchmark,tfidf,0,1
0.0,298,0.0,0.0,0.0,68,hipaa_benchmark,bm25,0,1
0.0,298,0.0,0.0,0.0,115,hipaa_benchmark,lsi,0,1
0.0,76,0.0,0.0,0.0,51,hipaa_benchmark,lsi_inductive,0,1
0.0,176,0.0,0.0,0.0,10,hipaa_benchmark,semantic,0,1
0.0,176,0.0,0.0,0.0,9,hipaa_benchmark,reranker,0,1
0.0,298,0.0,0.0,0.0,77,hipaa_benchmark,rrf_lexical,0,1
0.0,176,0.0,0.0,0.0,56,hipaa_benchmark,rrf_lexical_inductive,0,1
0.0,226,0.5,0.5,0.2,2,hipaa_benchmark,tfidf,1,2
1.0,195,1.0,0.5,0.2,1,hipaa_benchmark,bm25,1,2
0.0,72,0.3333333333333333,0.5,0.2,3,hipaa_benchmark,lsi,1,2
0.0,226,0.5,0.5,0.2,2,hipaa_benchmark,lsi_inductive,1,2
1.0,195,1.0,0.5,0.2,1,hipaa_benchmark,semantic,1,2
1.0,195,1.0,0.5,0.2,1,hipaa_benchmark,reranker,1,2
1.0,195,1.0,0.5,0.2,1,hipaa_benchmark,rrf_lexical,1,2
1.0,195,1.0,0.5,0.2,1,hipaa_benchmark,rrf_lexical_inductive,1,2
0.0,149,0.2,0.3333333333333333,0.2,5,hipaa_benchmark,tfidf,2,3
0.0,172,0.0,0.0,0.0,7,hipaa_benchmark,bm25,2,3
0.0,149,0.0,0.0,0.0,6,hipaa_benchmark,lsi,2,3
0.0,172,0.0,0.0,0.0,7,hipaa_benchmark,lsi_inductive,2,3
0.0,152,0.5,0.3333333333333333,0.2,2,hipaa_benchmark,semantic,2,3
0.0,152,0.5,0.3333333333333333,0.2,2,hipaa_benchmark,reranker,2,3
0.0,172,0.25,0.3333333333333333,0.2,4,hipaa_benchmark,rrf_lexical,2,3
0.0,172,0.25,0.3333333333333333,0.2,4,hipaa_benchmark,rrf_lexical_inductive,2,3
1.0,183,1.0,1.0,0.2,1,hipaa_benchmark,tfidf,3,1
1.0,183,1.0,1.0,0.2,1,hipaa_benchmark,bm25,3,1
1.0,183,1.0,1.0,0.2,1,hipaa_benchmark,lsi,3,1
0.0,176,0.5,1.0,0.2,2,hipaa_benchmark,lsi_inductive,3,1
1.0,183,1.0,1.0,0.2,1,hipaa_benchmark,semantic,3,1
1.0,183,1.0,1.0,0.2,1,hipaa_benchmark,reranker,3,1
1.0,183,1.0,1.0,0.2,1,hipaa_benchmark,rrf_lexical,3,1
1.0,183,1.0,1.0,0.2,1,hipaa_benchmark,rrf_lexical_inductive,3,1
1.0,33,1.0,0.16666666666666666,0.2,1,hipaa_benchmark,tfidf,4,6
1.0,33,1.0,0.16666666666666666,0.2,1,hipaa_benchmark,bm25,4,6
1.0,33,1.0,0.3333333333333333,0.4,1,hipaa_benchmark,lsi,4,6
1.0,33,1.0,0.3333333333333333,0.4,1,hipaa_benchmark,lsi_inductive,4,6
1.0,33,1.0,0.3333333333333333,0.4,1,hipaa_benchmark,semantic,4,6
1.0,33,1.0,0.16666666666666666,0.2,1,hipaa_benchmark,reranker,4,6
1.0,33,1.0,0.16666666666666666,0.2,1,hipaa_benchmark,rrf_lexical,4,6
1.0,33,1.0,0.3333333333333333,0.4,1,hipaa_benchmark,rrf_lexical_inductive,4,6
0.0,176,0.0,0.0,0.0,35,hipaa_benchmark,tfidf,5,2
0.0,182,0.0,0.0,0.0,19,hipaa_benchmark,bm25,5,2
0.0,176,0.0,0.0,0.0,12,hipaa_benchmark,lsi,5,2
0.0,176,0.0,0.0,0.0,28,hipaa_benchmark,lsi_inductive,5,2
0.0,185,0.0,0.0,0.0,28,hipaa_benchmark,semantic,5,2
0.0,176,0.0,0.0,0.0,170,hipaa_benchmark,reranker,5,2
0.0,176,0.0,0.0,0.0,28,hipaa_benchmark,rrf_lexical,5,2
0.0,176,0.0,0.0,0.0,37,hipaa_benchmark,rrf_lexical_inductive,5,2
0.0,156,0.3333333333333333,0.2,0.2,3,hipaa_benchmark,tfidf,6,5
0.0,156,0.0,0.0,0.0,16,hipaa_benchmark,bm25,6,5
0.0,156,0.3333333333333333,0.2,0.2,3,hipaa_benchmark,lsi,6,5
0.0,21,0.5,0.2,0.2,2,hipaa_benchmark,lsi_inductive,6,5
1.0,0,1.0,0.2,0.2,1,hipaa_benchmark,semantic,6,5
0.0,176,0.5,0.2,0.2,2,hipaa_benchmark,reranker,6,5
0.0,156,0.2,0.2,0.2,5,hipaa_benchmark,rrf_lexical,6,5
0.0,156,0.25,0.2,0.2,4,hipaa_benchmark,rrf_lexical_inductive,6,5
0.0,43,0.0,0.0,0.0,12,hipaa_benchmark,tfidf,7,9
1.0,103,1.0,0.1111111111111111,0.2,1,hipaa_benchmark,bm25,7,9
0.0,89,0.0,0.0,0.0,11,hipaa_benchmark,lsi,7,9
0.0,89,0.0,0.0,0.0,6,hipaa_benchmark,lsi_inductive,7,9
0.0,47,0.0,0.0,0.0,6,hipaa_benchmark,semantic,7,9
0.0,153,0.3333333333333333,0.2222222222222222,0.4,3,hipaa_benchmark,reranker,7,9
0.0,43,0.0,0.0,0.0,6,hipaa_benchmark,rrf_lexical,7,9
0.0,43,0.25,0.1111111111111111,0.2,4,hipaa_benchmark,rrf_lexical_inductive,7,9
0.0,156,0.3333333333333333,0.14285714285714285,0.2,3,hipaa_benchmark,tfidf,8,7
0.0,156,0.0,0.0,0.0,9,hipaa_benchmark,bm25,8,7
0.0,156,0.25,0.14285714285714285,0.2,4,hipaa_benchmark,lsi,8,7
0.0,21,0.25,0.14285714285714285,0.2,4,hipaa_benchmark,lsi_inductive,8,7
0.0,0,0.3333333333333333,0.2857142857142857,0.4,3,hipaa_benchmark,semantic,8,7
0.0,21,0.2,0.14285714285714285,0.2,5,hipaa_benchmark,reranker,8,7
0.0,156,0.3333333333333333,0.14285714285714285,0.2,3,hipaa_benchmark,rrf_lexical,8,7
0.0,156,0.3333333333333333,0.14285714285714285,0.2,3,hipaa_benchmark,rrf_lexical_inductive,8,7
0.0,156,0.5,0.3333333333333333,0.2,2,hipaa_benchmark,tfidf,9,3
0.0,39,0.3333333333333333,0.3333333333333333,0.2,3,hipaa_benchmark,bm25,9,3
0.0,21,0.5,0.3333333333333333,0.2,2,hipaa_benchmark,lsi,9,3
0.0,0,0.3333333333333333,0.6666666666666666,0.4,3,hipaa_benchmark,lsi_inductive,9,3
1.0,179,1.0,0.6666666666666666,0.4,1,hipaa_benchmark,semantic,9,3
1.0,179,1.0,0.6666666666666666,0.4,1,hipaa_benchmark,reranker,9,3
1.0,179,1.0,0.3333333333333333,0.2,1,hipaa_benchmark,rrf_lexical,9,3
1.0,179,1.0,0.3333333333333333,0.2,1,hipaa_benchmark,rrf_lexical_inductive,9,3
0.0,2,0.2,0.25,0.2,5,hipaa_benchmark,tfidf,10,4
0.0,2,0.0,0.0,0.0,7,hipaa_benchmark,bm25,10,4
0.0,2,0.0,0.0,0.0,12,hipaa_benchmark,lsi,10,4
0.0,2,0.0,0.0,0.0,10,hipaa_benchmark,lsi_inductive,10,4
1.0,0,1.0,0.25,0.2,1,hipaa_benchmark,semantic,10,4
1.0,0,1.0,0.25,0.2,1,hipaa_benchmark,reranker,10,4
0.0,2,0.0,0.0,0.0,9,hipaa_benchmark,rrf_lexical,10,4
0.0,2,0.0,0.0,0.0,9,hipaa_benchmark,rrf_lexical_inductive,10,4
0.0,0,0.0,0.0,0.0,121,hipaa_benchmark,tfidf,11,3
0.0,22,0.0,0.0,0.0,178,hipaa_benchmark,bm25,11,3
0.0,280,0.0,0.0,0.0,137,hipaa_benchmark,lsi,11,3
0.0,21,0.0,0.0,0.0,139,hipaa_benchmark,lsi_inductive,11,3
0.0,0,0.0,0.0,0.0,6,hipaa_benchmark,semantic,11,3
0.0,221,0.2,0.3333333333333333,0.2,5,hipaa_benchmark,reranker,11,3
0.0,22,0.0,0.0,0.0,158,hipaa_benchmark,rrf_lexical,11,3
0.0,115,0.0,0.0,0.0,161,hipaa_benchmark,rrf_lexical_inductive,11,3
0.0,21,0.5,0.5,0.6,2,hipaa_benchmark,tfidf,12,6
0.0,103,0.0,0.0,0.0,7,hipaa_benchmark,bm25,12,6
0.0,21,0.5,0.3333333333333333,0.4,2,hipaa_benchmark,lsi,12,6
0.0,21,0.3333333333333333,0.3333333333333333,0.4,3,hipaa_benchmark,lsi_inductive,12,6
1.0,2,1.0,0.3333333333333333,0.4,1,hipaa_benchmark,semantic,12,6
1.0,2,1.0,0.3333333333333333,0.4,1,hipaa_benchmark,reranker,12,6
0.0,21,0.3333333333333333,0.3333333333333333,0.4,3,hipaa_benchmark,rrf_lexical,12,6
0.0,21,0.3333333333333333,0.3333333333333333,0.4,3,hipaa_benchmark,rrf_lexical_inductive,12,6
0.0,2,0.3333333333333333,0.5,0.2,3,hipaa_benchmark,tfidf,13,2
0.0,103,0.25,0.5,0.2,4,hipaa_benchmark,bm25,13,2
0.0,2,0.0,0.0,0.0,6,hipaa_benchmark,lsi,13,2
0.0,2,0.2,0.5,0.2,5,hipaa_benchmark,lsi_inductive,13,2
1.0,0,1.0,0.5,0.2,1,hipaa_benchmark,semantic,13,2
1.0,0,1.0,0.5,0.2,1,hipaa_benchmark,reranker,13,2
1.0,0,1.0,0.5,0.2,1,hipaa_benchmark,rrf_lexical,13,2
1.0,0,1.0,0.5,0.2,1,hipaa_benchmark,rrf_lexical_inductive,13,2
1.0,23,1.0,0.75,0.6,1,hipaa_benchmark,tfidf,14,4
1.0,26,1.0,0.75,0.6,1,hipaa_benchmark,bm25,14,4
1.0,24,1.0,1.0,0.8,1,hipaa_benchmark,lsi,14,4
1.0,24,1.0,1.0,0.8,1,hipaa_benchmark,lsi_inductive,14,4
1.0,24,1.0,1.0,0.8,1,hipaa_benchmark,semantic,14,4
1.0,24,1.0,0.5,0.4,1,hipaa_benchmark,reranker,14,4
1.0,26,1.0,0.75,0.6,1,hipaa_benchmark,rrf_lexical,14,4
1.0,26,1.0,0.75,0.6,1,hipaa_benchmark,rrf_lexical_inductive,14,4
0.0,156,0.0,0.0,0.0,222,hipaa_benchmark,tfidf,15,2
0.0,268,0.0,0.0,0.0,59,hipaa_benchmark,bm25,15,2
0.0,156,0.0,0.0,0.0,105,hipaa_benchmark,lsi,15,2
0.0,268,0.0,0.0,0.0,92,hipaa_benchmark,lsi_inductive,15,2
0.0,268,0.0,0.0,0.0,27,hipaa_benchmark,semantic,15,2
0.0,268,0.0,0.0,0.0,218,hipaa_benchmark,reranker,15,2
0.0,156,0.0,0.0,0.0,121,hipaa_benchmark,rrf_lexical,15,2
0.0,268,0.0,0.0,0.0,134,hipaa_benchmark,rrf_lexical_inductive,15,2
0.0,156,0.0,0.0,0.0,222,hipaa_benchmark,tfidf,16,2
0.0,156,0.0,0.0,0.0,97,hipaa_benchmark,bm25,16,2
0.0,156,0.0,0.0,0.0,181,hipaa_benchmark,lsi,16,2
0.0,48,0.0,0.0,0.0,59,hipaa_benchmark,lsi_inductive,16,2
0.0,119,0.0,0.0,0.0,17,hipaa_benchmark,semantic,16,2
0.0,157,0.0,0.0,0.0,20,hipaa_benchmark,reranker,16,2
0.0,156,0.0,0.0,0.0,167,hipaa_benchmark,rrf_lexical,16,2
0.0,269,0.0,0.0,0.0,90,hipaa_benchmark,rrf_lexical_inductive,16,2
0.0,156,0.0,0.0,0.0,223,hipaa_benchmark,tfidf,17,2
0.0,156,0.0,0.0,0.0,87,hipaa_benchmark,bm25,17,2
0.0,156,0.0,0.0,0.0,132,hipaa_benchmark,lsi,17,2
0.0,51,0.0,0.0,0.0,228,hipaa_benchmark,lsi_inductive,17,2
0.0,77,0.0,0.0,0.0,6,hipaa_benchmark,semantic,17,2
0.0,156,0.0,0.0,0.0,17,hipaa_benchmark,reranker,17,2
0.0,156,0.0,0.0,0.0,110,hipaa_benchmark,rrf_lexical,17,2
0.0,156,0.0,0.0,0.0,170,hipaa_benchmark,rrf_lexical_inductive,17,2
0.0,267,0.0,0.0,0.0,36,hipaa_benchmark,tfidf,18,2
0.0,267,0.0,0.0,0.0,67,hipaa_benchmark,bm25,18,2
0.0,267,0.0,0.0,0.0,34,hipaa_benchmark,lsi,18,2
0.0,76,0.0,0.0,0.0,39,hipaa_benchmark,lsi_inductive,18,2
0.0,270,0.0,0.0,0.0,8,hipaa_benchmark,semantic,18,2
0.0,270,0.0,0.0,0.0,13,hipaa_benchmark,reranker,18,2
0.0,267,0.0,0.0,0.0,42,hipaa_benchmark,rrf_lexical,18,2
0.0,145,0.0,0.0,0.0,49,hipaa_benchmark,rrf_lexical_inductive,18,2
1.0,90,1.0,0.5,0.4,1,hipaa_benchmark,tfidf,19,4
1.0,93,1.0,0.5,0.4,1,hipaa_benchmark,bm25,19,4
1.0,93,1.0,0.5,0.4,1,hipaa_benchmark,lsi,19,4
1.0,90,1.0,0.5,0.4,1,hipaa_benchmark,lsi_inductive,19,4
1.0,90,1.0,0.25,0.2,1,hipaa_benchmark,semantic,19,4
1.0,90,1.0,0.25,0.2,1,hipaa_benchmark,reranker,19,4
1.0,93,1.0,0.5,0.4,1,hipaa_benchmark,rrf_lexical,19,4
1.0,90,1.0,0.5,0.4,1,hipaa_benchmark,rrf_lexical_inductive,19,4
1.0,94,1.0,0.5,0.6,1,hipaa_benchmark,tfidf,20,6
1.0,95,1.0,0.3333333333333333,0.4,1,hipaa_benchmark,bm25,20,6
1.0,94,1.0,0.5,0.6,1,hipaa_benchmark,lsi,20,6
1.0,94,1.0,0.5,0.6,1,hipaa_benchmark,lsi_inductive,20,6
0.0,198,0.5,0.3333333333333333,0.4,2,hipaa_benchmark,semantic,20,6
1.0,95,1.0,0.3333333333333333,0.4,1,hipaa_benchmark,reranker,20,6
1.0,95,1.0,0.5,0.6,1,hipaa_benchmark,rrf_lexical,20,6
1.0,95,1.0,0.5,0.6,1,hipaa_benchmark,rrf_lexical_inductive,20,6
1.0,66,1.0,1.0,0.4,1,hipaa_benchmark,tfidf,21,2
1.0,66,1.0,0.5,0.2,1,hipaa_benchmark,bm25,21,2
0.0,68,0.5,1.0,0.4,2,hipaa_benchmark,lsi,21,2
1.0,66,1.0,1.0,0.4,1,hipaa_benchmark,lsi_inductive,21,2
0.0,90,0.5,1.0,0.4,2,hipaa_benchmark,semantic,21,2
1.0,65,1.0,1.0,0.4,1,hipaa_benchmark,reranker,21,2
1.0,66,1.0,1.0,0.4,1,hipaa_benchmark,rrf_lexical,21,2
1.0,66,1.0,1.0,0.4,1,hipaa_benchmark,rrf_lexical_inductive,21,2
0.0,200,0.3333333333333333,0.5,0.2,3,hipaa_benchmark,tfidf,22,2
0.0,200,0.0,0.0,0.0,9,hipaa_benchmark,bm25,22,2
0.0,242,0.0,0.0,0.0,10,hipaa_benchmark,lsi,22,2
0.0,291,0.0,0.0,0.0,8,hipaa_benchmark,lsi_inductive,22,2
0.0,68,0.3333333333333333,0.5,0.2,3,hipaa_benchmark,semantic,22,2
0.0,200,0.0,0.0,0.0,14,hipaa_benchmark,reranker,22,2
0.0,200,0.0,0.0,0.0,6,hipaa_benchmark,rrf_lexical,22,2
0.0,200,0.0,0.0,0.0,7,hipaa_benchmark,rrf_lexical_inductive,22,2
0.0,63,0.0,0.0,0.0,7,hipaa_benchmark,tfidf,23,2
0.0,166,0.0,0.0,0.0,12,hipaa_benchmark,bm25,23,2
0.0,20,0.0,0.0,0.0,6,hipaa_benchmark,lsi,23,2
0.0,20,0.0,0.0,0.0,42,hipaa_benchmark,lsi_inductive,23,2
1.0,72,1.0,0.5,0.2,1,hipaa_benchmark,semantic,23,2
0.0,160,0.5,1.0,0.4,2,hipaa_benchmark,reranker,23,2
0.0,166,0.0,0.0,0.0,6,hipaa_benchmark,rrf_lexical,23,2
0.0,63,0.0,0.0,0.0,17,hipaa_benchmark,rrf_lexical_inductive,23,2
1.0,73,1.0,0.16666666666666666,0.2,1,hipaa_benchmark,tfidf,24,6
1.0,73,1.0,0.16666666666666666,0.2,1,hipaa_benchmark,bm25,24,6
1.0,73,1.0,0.16666666666666666,0.2,1,hipaa_benchmark,lsi,24,6
0.0,63,0.0,0.0,0.0,7,hipaa_benchmark,lsi_inductive,24,6
1.0,73,1.0,0.3333333333333333,0.4,1,hipaa_benchmark,semantic,24,6
0.0,281,0.3333333333333333,0.3333333333333333,0.4,3,hipaa_benchmark,reranker,24,6
1.0,73,1.0,0.16666666666666666,0.2,1,hipaa_benchmark,rrf_lexical,24,6
1.0,73,1.0,0.16666666666666666,0.2,1,hipaa_benchmark,rrf_lexical_inductive,24,6
0.0,75,0.0,0.0,0.0,16,hipaa_benchmark,tfidf,25,2
0.0,265,0.0,0.0,0.0,14,hipaa_benchmark,bm25,25,2
0.0,124,0.0,0.0,0.0,42,hipaa_benchmark,lsi,25,2
0.0,124,0.0,0.0,0.0,19,hipaa_benchmark,lsi_inductive,25,2
0.0,122,0.0,0.0,0.0,7,hipaa_benchmark,semantic,25,2
0.0,122,0.0,0.0,0.0,17,hipaa_benchmark,reranker,25,2
0.0,75,0.0,0.0,0.0,17,hipaa_benchmark,rrf_lexical,25,2
0.0,75,0.0,0.0,0.0,14,hipaa_benchmark,rrf_lexical_inductive,25,2
0.0,157,0.5,0.3333333333333333,0.2,2,hipaa_benchmark,tfidf,26,3
0.0,157,0.3333333333333333,0.6666666666666666,0.4,3,hipaa_benchmark,bm25,26,3
0.0,49,0.25,0.3333333333333333,0.2,4,hipaa_benchmark,lsi,26,3
0.0,49,0.3333333333333333,0.6666666666666666,0.4,3,hipaa_benchmark,lsi_inductive,26,3
1.0,68,1.0,0.6666666666666666,0.4,1,hipaa_benchmark,semantic,26,3
1.0,68,1.0,0.3333333333333333,0.2,1,hipaa_benchmark,reranker,26,3
0.0,157,0.5,0.3333333333333333,0.2,2,hipaa_benchmark,rrf_lexical,26,3
0.0,157,0.5,0.3333333333333333,0.2,2,hipaa_benchmark,rrf_lexical_inductive,26,3
0.0,210,0.0,0.0,0.0,77,hipaa_benchmark,tfidf,27,5
0.0,210,0.0,0.0,0.0,6,hipaa_benchmark,bm25,27,5
0.0,210,0.0,0.0,0.0,60,hipaa_benchmark,lsi,27,5
0.0,276,0.0,0.0,0.0,53,hipaa_benchmark,lsi_inductive,27,5
0.0,13,0.0,0.0,0.0,6,hipaa_benchmark,semantic,27,5
0.0,195,0.3333333333333333,0.2,0.2,3,hipaa_benchmark,reranker,27,5
0.0,210,0.0,0.0,0.0,34,hipaa_benchmark,rrf_lexical,27,5
0.0,210,0.0,0.0,0.0,30,hipaa_benchmark,rrf_lexical_inductive,27,5
0.0,232,0.0,0.0,0.0,90,hipaa_benchmark,tfidf,28,3
0.0,78,0.0,0.0,0.0,182,hipaa_benchmark,bm25,28,3
0.0,154,0.0,0.0,0.0,66,hipaa_benchmark,lsi,28,3
0.0,154,0.0,0.0,0.0,43,hipaa_benchmark,lsi_inductive,28,3
0.0,181,0.0,0.0,0.0,7,hipaa_benchmark,semantic,28,3
0.0,205,0.0,0.0,0.0,18,hipaa_benchmark,reranker,28,3
0.0,78,0.0,0.0,0.0,103,hipaa_benchmark,rrf_lexical,28,3
0.0,78,0.0,0.0,0.0,90,hipaa_benchmark,rrf_lexical_inductive,28,3
1.0,205,1.0,0.3333333333333333,0.2,1,hipaa_benchmark,tfidf,29,3
1.0,205,1.0,0.3333333333333333,0.2,1,hipaa_benchmark,bm25,29,3
1.0,205,1.0,0.3333333333333333,0.2,1,hipaa_benchmark,lsi,29,3
0.0,146,0.5,0.3333333333333333,0.2,2,hipaa_benchmark,lsi_inductive,29,3
1.0,205,1.0,0.3333333333333333,0.2,1,hipaa_benchmark,semantic,29,3
1.0,205,1.0,0.6666666666666666,0.4,1,hipaa_benchmark,reranker,29,3
1.0,205,1.0,0.3333333333333333,0.2,1,hipaa_benchmark,rrf_lexical,29,3
1.0,205,1.0,0.3333333333333333,0.2,1,hipaa_benchmark,rrf_lexical_inductive,29,3
1.0,115,1.0,0.4,0.4,1,hipaa_benchmark,tfidf,30,5
1.0,115,1.0,0.6,0.6,1,hipaa_benchmark,bm25,30,5
1.0,115,1.0,0.4,0.4,1,hipaa_benchmark,lsi,30,5
1.0,115,1.0,0.4,0.4,1,hipaa_benchmark,lsi_inductive,30,5
1.0,116,1.0,0.4,0.4,1,hipaa_benchmark,semantic,30,5
1.0,116,1.0,0.6,0.6,1,hipaa_benchmark,reranker,30,5
1.0,115,1.0,0.6,0.6,1,hipaa_benchmark,rrf_lexical,30,5
1.0,115,1.0,0.6,0.6,1,hipaa_benchmark,rrf_lexical_inductive,30,5
0.0,115,0.0,0.0,0.0,9,hipaa_benchmark,tfidf,31,2
0.0,115,0.0,0.0,0.0,17,hipaa_benchmark,bm25,31,2
0.0,115,0.0,0.0,0.0,8,hipaa_benchmark,lsi,31,2
0.0,119,0.0,0.0,0.0,6,hipaa_benchmark,lsi_inductive,31,2
0.0,116,0.0,0.0,0.0,11,hipaa_benchmark,semantic,31,2
0.0,263,0.0,0.0,0.0,10,hipaa_benchmark,reranker,31,2
0.0,115,0.0,0.0,0.0,8,hipaa_benchmark,rrf_lexical,31,2
0.0,115,0.0,0.0,0.0,7,hipaa_benchmark,rrf_lexical_inductive,31,2
0.0,0,0.2,0.2,0.2,5,hipaa_benchmark,tfidf,32,5
0.0,21,0.2,0.2,0.2,5,hipaa_benchmark,bm25,32,5
0.0,21,0.0,0.0,0.0,7,hipaa_benchmark,lsi,32,5
0.0,21,0.2,0.2,0.2,5,hipaa_benchmark,lsi_inductive,32,5
0.0,21,0.2,0.2,0.2,5,hipaa_benchmark,semantic,32,5
0.0,21,0.3333333333333333,0.2,0.2,3,hipaa_benchmark,reranker,32,5
0.0,21,0.0,0.0,0.0,6,hipaa_benchmark,rrf_lexical,32,5
0.0,21,0.2,0.2,0.2,5,hipaa_benchmark,rrf_lexical_inductive,32,5
0.0,124,0.5,0.16666666666666666,0.2,2,hipaa_benchmark,tfidf,33,6
0.0,124,0.5,0.16666666666666666,0.2,2,hipaa_benchmark,bm25,33,6
0.0,124,0.25,0.16666666666666666,0.2,4,hipaa_benchmark,lsi,33,6
0.0,124,0.5,0.16666666666666666,0.2,2,hipaa_benchmark,lsi_inductive,33,6
1.0,66,1.0,0.16666666666666666,0.2,1,hipaa_benchmark,semantic,33,6
1.0,66,1.0,0.3333333333333333,0.4,1,hipaa_benchmark,reranker,33,6
0.0,124,0.5,0.16666666666666666,0.2,2,hipaa_benchmark,rrf_lexical,33,6
0.0,124,0.5,0.16666666666666666,0.2,2,hipaa_benchmark,rrf_lexical_inductive,33,6
0.0,265,0.5,0.6666666666666666,0.4,2,hipaa_benchmark,tfidf,34,3
0.0,265,0.3333333333333333,0.6666666666666666,0.4,3,hipaa_benchmark,bm25,34,3
0.0,265,0.5,0.3333333333333333,0.2,2,hipaa_benchmark,lsi,34,3
1.0,100,1.0,0.3333333333333333,0.2,1,hipaa_benchmark,lsi_inductive,34,3
1.0,100,1.0,1.0,0.6,1,hipaa_benchmark,semantic,34,3
1.0,100,1.0,0.6666666666666666,0.4,1,hipaa_benchmark,reranker,34,3
0.0,265,0.5,0.6666666666666666,0.4,2,hipaa_benchmark,rrf_lexical,34,3
0.0,265,0.5,0.6666666666666666,0.4,2,hipaa_benchmark,rrf_lexical_inductive,34,3
0.0,221,0.2,0.09090909090909091,0.2,5,hipaa_benchmark,tfidf,35,11
0.0,22,0.0,0.0,0.0,10,hipaa_benchmark,bm25,35,11
0.0,221,0.5,0.09090909090909091,0.2,2,hipaa_benchmark,lsi,35,11
0.0,117,0.5,0.09090909090909091,0.2,2,hipaa_benchmark,lsi_inductive,35,11
0.0,0,0.0,0.0,0.0,9,hipaa_benchmark,semantic,35,11
0.0,185,0.0,0.0,0.0,15,hipaa_benchmark,reranker,35,11
0.0,206,0.3333333333333333,0.09090909090909091,0.2,3,hipaa_benchmark,rrf_lexical,35,11
0.0,206,0.5,0.09090909090909091,0.2,2,hipaa_benchmark,rrf_lexical_inductive,35,11
1.0,115,1.0,0.25,0.4,1,hipaa_benchmark,tfidf,36,8
0.0,18,0.5,0.25,0.4,2,hipaa_benchmark,bm25,36,8
1.0,115,1.0,0.25,0.4,1,hipaa_benchmark,lsi,36,8
1.0,115,1.0,0.25,0.4,1,hipaa_benchmark,lsi_inductive,36,8
0.0,13,0.3333333333333333,0.125,0.2,3,hipaa_benchmark,semantic,36,8
1.0,116,1.0,0.25,0.4,1,hipaa_benchmark,reranker,36,8
1.0,115,1.0,0.375,0.6,1,hipaa_benchmark,rrf_lexical,36,8
1.0,115,1.0,0.375,0.6,1,hipaa_benchmark,rrf_lexical_inductive,36,8
1.0,106,1.0,0.4444444444444444,0.8,1,hipaa_benchmark,tfidf,37,9
0.0,251,0.5,0.3333333333333333,0.6,2,hipaa_benchmark,bm25,37,9
1.0,108,1.0,0.3333333333333333,0.6,1,hipaa_benchmark,lsi,37,9
1.0,108,1.0,0.3333333333333333,0.6,1,hipaa_benchmark,lsi_inductive,37,9
1.0,106,1.0,0.2222222222222222,0.4,1,hipaa_benchmark,semantic,37,9
1.0,106,1.0,0.2222222222222222,0.4,1,hipaa_benchmark,reranker,37,9
1.0,108,1.0,0.3333333333333333,0.6,1,hipaa_benchmark,rrf_lexical,37,9
1.0,108,1.0,0.3333333333333333,0.6,1,hipaa_benchmark,rrf_lexical_inductive,37,9
0.0,134,0.0,0.0,0.0,9,hipaa_benchmark,tfidf,38,1
0.0,62,0.25,1.0,0.2,4,hipaa_benchmark,bm25,38,1
0.0,134,0.0,0.0,0.0,7,hipaa_benchmark,lsi,38,1
0.0,108,0.0,0.0,0.0,9,hipaa_benchmark,lsi_inductive,38,1
0.0,299,0.0,0.0,0.0,10,hipaa_benchmark,semantic,38,1
0.0,299,0.3333333333333333,1.0,0.2,3,hipaa_benchmark,reranker,38,1
0.0,134,0.0,0.0,0.0,6,hipaa_benchmark,rrf_lexical,38,1
0.0,134,0.0,0.0,0.0,6,hipaa_benchmark,rrf_lexical_inductive,38,1
0.0,106,0.0,0.0,0.0,8,hipaa_benchmark,tfidf,39,1
1.0,111,1.0,1.0,0.2,1,hipaa_benchmark,bm25,39,1
0.0,108,0.2,1.0,0.2,5,hipaa_benchmark,lsi,39,1
0.0,108,0.0,0.0,0.0,6,hipaa_benchmark,lsi_inductive,39,1
0.0,113,0.3333333333333333,1.0,0.2,3,hipaa_benchmark,semantic,39,1
1.0,111,1.0,1.0,0.2,1,hipaa_benchmark,reranker,39,1
0.0,108,0.2,1.0,0.2,5,hipaa_benchmark,rrf_lexical,39,1
0.0,108,0.2,1.0,0.2,5,hipaa_benchmark,rrf_lexical_inductive,39,1
0.0,248,0.5,0.2,0.2,2,hipaa_benchmark,tfidf,40,5
1.0,110,1.0,0.2,0.2,1,hipaa_benchmark,bm25,40,5
0.0,248,0.5,0.2,0.2,2,hipaa_benchmark,lsi,40,5
0.0,108,0.3333333333333333,0.2,0.2,3,hipaa_benchmark,lsi_inductive,40,5
0.0,266,0.0,0.0,0.0,61,hipaa_benchmark,semantic,40,5
0.0,263,0.0,0.0,0.0,72,hipaa_benchmark,reranker,40,5
0.0,248,0.5,0.2,0.2,2,hipaa_benchmark,rrf_lexical,40,5
1.0,110,1.0,0.2,0.2,1,hipaa_benchmark,rrf_lexical_inductive,40,5
0.0,20,0.0,0.0,0.0,7,hipaa_benchmark,tfidf,41,2
0.0,69,0.2,0.5,0.2,5,hipaa_benchmark,bm25,41,2
0.0,20,0.0,0.0,0.0,6,hipaa_benchmark,lsi,41,2
0.0,20,0.0,0.0,0.0,16,hipaa_benchmark,lsi_inductive,41,2
1.0,72,1.0,0.5,0.2,1,hipaa_benchmark,semantic,41,2
0.0,69,0.5,0.5,0.2,2,hipaa_benchmark,reranker,41,2
0.0,20,0.2,0.5,0.2,5,hipaa_benchmark,rrf_lexical,41,2
0.0,20,0.0,0.0,0.0,7,hipaa_benchmark,rrf_lexical_inductive,41,2
0.0,181,0.5,0.5,0.4,2,hipaa_benchmark,tfidf,42,4
0.0,181,0.5,0.25,0.2,2,hipaa_benchmark,bm25,42,4
0.0,21,0.5,0.25,0.2,2,hipaa_benchmark,lsi,42,4
0.0,21,0.5,0.25,0.2,2,hipaa_benchmark,lsi_inductive,42,4
1.0,0,1.0,0.5,0.4,1,hipaa_benchmark,semantic,42,4
1.0,0,1.0,0.5,0.4,1,hipaa_benchmark,reranker,42,4
0.0,181,0.5,0.5,0.4,2,hipaa_benchmark,rrf_lexical,42,4
0.0,181,0.5,0.5,0.4,2,hipaa_benchmark,rrf_lexical_inductive,42,4
0.0,88,0.5,0.16666666666666666,0.2,2,hipaa_benchmark,tfidf,43,6
0.0,88,0.5,0.16666666666666666,0.2,2,hipaa_benchmark,bm25,43,6
0.0,88,0.0,0.0,0.0,6,hipaa_benchmark,lsi,43,6
0.0,88,0.0,0.0,0.0,8,hipaa_benchmark,lsi_inductive,43,6
1.0,78,1.0,0.3333333333333333,0.4,1,hipaa_benchmark,semantic,43,6
1.0,78,1.0,0.5,0.6,1,hipaa_benchmark,reranker,43,6
0.0,88,0.5,0.16666666666666666,0.2,2,hipaa_benchmark,rrf_lexical,43,6
0.0,88,0.3333333333333333,0.16666666666666666,0.2,3,hipaa_benchmark,rrf_lexical_inductive,43,6
0.0,122,0.0,0.0,0.0,8,hipaa_benchmark,tfidf,44,3
0.0,122,0.0,0.0,0.0,8,hipaa_benchmark,bm25,44,3
0.0,124,0.0,0.0,0.0,9,hipaa_benchmark,lsi,44,3
0.0,122,0.0,0.0,0.0,9,hipaa_benchmark,lsi_inductive,44,3
0.0,0,0.0,0.0,0.0,29,hipaa_benchmark,semantic,44,3
0.0,21,0.0,0.0,0.0,180,hipaa_benchmark,reranker,44,3
0.0,122,0.0,0.0,0.0,9,hipaa_benchmark,rrf_lexical,44,3
0.0,122,0.0,0.0,0.0,9,hipaa_benchmark,rrf_lexical_inductive,44,3
0.0,135,0.0,0.0,0.0,208,hipaa_benchmark,tfidf,45,1
0.0,100,0.0,0.0,0.0,135,hipaa_benchmark,bm25,45,1
0.0,244,0.0,0.0,0.0,174,hipaa_benchmark,lsi,45,1
0.0,124,0.0,0.0,0.0,160,hipaa_benchmark,lsi_inductive,45,1
0.0,6,0.0,0.0,0.0,103,hipaa_benchmark,semantic,45,1
0.0,6,0.0,0.0,0.0,200,hipaa_benchmark,reranker,45,1
0.0,135,0.0,0.0,0.0,209,hipaa_benchmark,rrf_lexical,45,1
0.0,124,0.0,0.0,0.0,197,hipaa_benchmark,rrf_lexical_inductive,45,1
0.0,135,0.0,0.0,0.0,149,hipaa_benchmark,tfidf,46,1
0.0,100,0.0,0.0,0.0,173,hipaa_benchmark,bm25,46,1
0.0,218,0.0,0.0,0.0,152,hipaa_benchmark,lsi,46,1
0.0,135,0.0,0.0,0.0,268,hipaa_benchmark,lsi_inductive,46,1
1.0,230,1.0,1.0,0.2,1,hipaa_benchmark,semantic,46,1
0.0,83,0.3333333333333333,1.0,0.2,3,hipaa_benchmark,reranker,46,1
0.0,135,0.0,0.0,0.0,190,hipaa_benchmark,rrf_lexical,46,1
0.0,135,0.0,0.0,0.0,237,hipaa_benchmark,rrf_lexical_inductive,46,1
1.0,33,1.0,0.2857142857142857,0.4,1,hipaa_benchmark,tfidf,47,7
1.0,33,1.0,0.5714285714285714,0.8,1,hipaa_benchmark,bm25,47,7
1.0,33,1.0,0.2857142857142857,0.4,1,hipaa_benchmark,lsi,47,7
1.0,33,1.0,0.2857142857142857,0.4,1,hipaa_benchmark,lsi_inductive,47,7
1.0,33,1.0,0.42857142857142855,0.6,1,hipaa_benchmark,semantic,47,7
1.0,33,1.0,0.42857142857142855,0.6,1,hipaa_benchmark,reranker,47,7
1.0,33,1.0,0.2857142857142857,0.4,1,hipaa_benchmark,rrf_lexical,47,7
1.0,33,1.0,0.2857142857142857,0.4,1,hipaa_benchmark,rrf_lexical_inductive,47,7
1.0,266,1.0,0.3333333333333333,0.4,1,hipaa_benchmark,tfidf,48,6
0.0,121,0.5,0.3333333333333333,0.4,2,hipaa_benchmark,bm25,48,6
1.0,226,1.0,0.5,0.6,1,hipaa_benchmark,lsi,48,6
0.0,243,0.5,0.6666666666666666,0.8,2,hipaa_benchmark,lsi_inductive,48,6
1.0,266,1.0,0.3333333333333333,0.4,1,hipaa_benchmark,semantic,48,6
1.0,266,1.0,0.5,0.6,1,hipaa_benchmark,reranker,48,6
1.0,266,1.0,0.3333333333333333,0.4,1,hipaa_benchmark,rrf_lexical,48,6
1.0,266,1.0,0.3333333333333333,0.4,1,hipaa_benchmark,rrf_lexical_inductive,48,6
0.0,251,0.0,0.0,0.0,13,hipaa_benchmark,tfidf,49,2
0.0,251,0.0,0.0,0.0,31,hipaa_benchmark,bm25,49,2
0.0,260,0.0,0.0,0.0,24,hipaa_benchmark,lsi,49,2
0.0,18,0.0,0.0,0.0,26,hipaa_benchmark,lsi_inductive,49,2
0.0,82,0.0,0.0,0.0,8,hipaa_benchmark,semantic,49,2
0.0,83,0.0,0.0,0.0,9,hipaa_benchmark,reranker,49,2
0.0,251,0.0,0.0,0.0,15,hipaa_benchmark,rrf_lexical,49,2
0.0,251,0.0,0.0,0.0,17,hipaa_benchmark,rrf_lexical_inductive,49,2
0.0,89,0.0,0.0,0.0,48,hipaa_benchmark,tfidf,50,5
0.0,89,0.0,0.0,0.0,51,hipaa_benchmark,bm25,50,5
0.0,89,0.0,0.0,0.0,23,hipaa_benchmark,lsi,50,5
0.0,89,0.0,0.0,0.0,27,hipaa_benchmark,lsi_inductive,50,5
0.0,77,0.25,0.4,0.4,4,hipaa_benchmark,semantic,50,5
0.0,86,0.3333333333333333,0.6,0.6,3,hipaa_benchmark,reranker,50,5
0.0,89,0.0,0.0,0.0,31,hipaa_benchmark,rrf_lexical,50,5
0.0,89,0.0,0.0,0.0,32,hipaa_benchmark,rrf_lexical_inductive,50,5
0.0,117,0.25,1.0,0.2,4,hipaa_benchmark,tfidf,51,1
0.0,251,0.2,1.0,0.2,5,hipaa_benchmark,bm25,51,1
0.0,149,0.2,1.0,0.2,5,hipaa_benchmark,lsi,51,1
0.0,117,0.2,1.0,0.2,5,hipaa_benchmark,lsi_inductive,51,1
1.0,226,1.0,1.0,0.2,1,hipaa_benchmark,semantic,51,1
1.0,226,1.0,1.0,0.2,1,hipaa_benchmark,reranker,51,1
0.0,117,0.25,1.0,0.2,4,hipaa_benchmark,rrf_lexical,51,1
0.0,117,0.25,1.0,0.2,4,hipaa_benchmark,rrf_lexical_inductive,51,1
0.0,149,0.5,0.5,0.2,2,hipaa_benchmark,tfidf,52,2
0.0,19,0.3333333333333333,0.5,0.2,3,hipaa_benchmark,bm25,52,2
0.0,149,0.5,0.5,0.2,2,hipaa_benchmark,lsi,52,2
1.0,226,1.0,0.5,0.2,1,hipaa_benchmark,lsi_inductive,52,2
1.0,226,1.0,1.0,0.4,1,hipaa_benchmark,semantic,52,2
0.0,160,0.5,0.5,0.2,2,hipaa_benchmark,reranker,52,2
0.0,149,0.5,0.5,0.2,2,hipaa_benchmark,rrf_lexical,52,2
1.0,226,1.0,0.5,0.2,1,hipaa_benchmark,rrf_lexical_inductive,52,2
0.0,260,0.0,0.0,0.0,23,hipaa_benchmark,tfidf,53,3
0.0,260,0.0,0.0,0.0,39,hipaa_benchmark,bm25,53,3
0.0,260,0.0,0.0,0.0,29,hipaa_benchmark,lsi,53,3
0.0,260,0.0,0.0,0.0,26,hipaa_benchmark,lsi_inductive,53,3
1.0,230,1.0,0.6666666666666666,0.4,1,hipaa_benchmark,semantic,53,3
0.0,83,0.3333333333333333,0.6666666666666666,0.4,3,hipaa_benchmark,reranker,53,3
0.0,260,0.0,0.0,0.0,26,hipaa_benchmark,rrf_lexical,53,3
0.0,260,0.0,0.0,0.0,27,hipaa_benchmark,rrf_lexical_inductive,53,3
1.0,205,1.0,0.25,0.2,1,hipaa_benchmark,tfidf,54,4
0.0,39,0.0,0.0,0.0,10,hipaa_benchmark,bm25,54,4
1.0,205,1.0,0.25,0.2,1,hipaa_benchmark,lsi,54,4
1.0,205,1.0,0.25,0.2,1,hipaa_benchmark,lsi_inductive,54,4
1.0,181,1.0,0.5,0.4,1,hipaa_benchmark,semantic,54,4
0.0,191,0.2,0.25,0.2,5,hipaa_benchmark,reranker,54,4
1.0,205,1.0,0.25,0.2,1,hipaa_benchmark,rrf_lexical,54,4
1.0,205,1.0,0.25,0.2,1,hipaa_benchmark,rrf_lexical_inductive,54,4
0.0,226,0.0,0.0,0.0,161,hipaa_benchmark,tfidf,55,5
0.0,78,0.0,0.0,0.0,125,hipaa_benchmark,bm25,55,5
0.0,226,0.0,0.0,0.0,204,hipaa_benchmark,lsi,55,5
0.0,226,0.0,0.0,0.0,144,hipaa_benchmark,lsi_inductive,55,5
1.0,181,1.0,0.4,0.4,1,hipaa_benchmark,semantic,55,5
0.0,295,0.3333333333333333,0.2,0.2,3,hipaa_benchmark,reranker,55,5
0.0,226,0.0,0.0,0.0,187,hipaa_benchmark,rrf_lexical,55,5
0.0,226,0.0,0.0,0.0,166,hipaa_benchmark,rrf_lexical_inductive,55,5
0.0,205,0.0,0.0,0.0,6,hipaa_benchmark,tfidf,56,4
0.0,39,0.0,0.0,0.0,67,hipaa_benchmark,bm25,56,4
0.0,205,0.25,0.25,0.2,4,hipaa_benchmark,lsi,56,4
0.0,205,0.2,0.25,0.2,5,hipaa_benchmark,lsi_inductive,56,4
0.0,185,0.0,0.0,0.0,31,hipaa_benchmark,semantic,56,4
0.0,243,0.0,0.0,0.0,31,hipaa_benchmark,reranker,56,4
0.0,144,0.0,0.0,0.0,9,hipaa_benchmark,rrf_lexical,56,4
0.0,144,0.0,0.0,0.0,9,hipaa_benchmark,rrf_lexical_inductive,56,4
0.0,232,0.5,0.2,0.2,2,hipaa_benchmark,tfidf,57,5
0.0,232,0.0,0.0,0.0,14,hipaa_benchmark,bm25,57,5
0.0,154,0.5,0.2,0.2,2,hipaa_benchmark,lsi,57,5
1.0,205,1.0,0.2,0.2,1,hipaa_benchmark,lsi_inductive,57,5
1.0,181,1.0,0.6,0.6,1,hipaa_benchmark,semantic,57,5
1.0,205,1.0,0.4,0.4,1,hipaa_benchmark,reranker,57,5
0.0,232,0.3333333333333333,0.2,0.2,3,hipaa_benchmark,rrf_lexical,57,5
0.0,232,0.5,0.2,0.2,2,hipaa_benchmark,rrf_lexical_inductive,57,5
0.0,68,0.0,0.0,0.0,7,hipaa_benchmark,tfidf,58,1
0.0,66,0.0,0.0,0.0,10,hipaa_benchmark,bm25,58,1
0.0,68,0.0,0.0,0.0,8,hipaa_benchmark,lsi,58,1
0.0,68,0.0,0.0,0.0,9,hipaa_benchmark,lsi_inductive,58,1
0.0,161,0.0,0.0,0.0,6,hipaa_benchmark,semantic,58,1
0.0,188,0.0,0.0,0.0,15,hipaa_benchmark,reranker,58,1
0.0,68,0.0,0.0,0.0,8,hipaa_benchmark,rrf_lexical,58,1
0.0,66,0.0,0.0,0.0,8,hipaa_benchmark,rrf_lexical_inductive,58,1
0.0,68,0.0,0.0,0.0,21,hipaa_benchmark,tfidf,59,1
0.0,66,0.0,0.0,0.0,18,hipaa_benchmark,bm25,59,1
0.0,68,0.0,0.0,0.0,20,hipaa_benchmark,lsi,59,1
0.0,68,0.0,0.0,0.0,13,hipaa_benchmark,lsi_inductive,59,1
0.0,136,0.0,0.0,0.0,19,hipaa_benchmark,semantic,59,1
1.0,137,1.0,1.0,0.2,1,hipaa_benchmark,reranker,59,1
0.0,68,0.0,0.0,0.0,19,hipaa_benchmark,rrf_lexical,59,1
0.0,68,0.0,0.0,0.0,17,hipaa_benchmark,rrf_lexical_inductive,59,1
0.0,68,0.0,0.0,0.0,14,hipaa_benchmark,tfidf,60,1
0.0,66,0.0,0.0,0.0,16,hipaa_benchmark,bm25,60,1
0.0,68,0.0,0.0,0.0,12,hipaa_benchmark,lsi,60,1
0.0,68,0.0,0.0,0.0,11,hipaa_benchmark,lsi_inductive,60,1
0.0,136,0.0,0.0,0.0,17,hipaa_benchmark,semantic,60,1
1.0,137,1.0,1.0,0.2,1,hipaa_benchmark,reranker,60,1
0.0,68,0.0,0.0,0.0,14,hipaa_benchmark,rrf_lexical,60,1
0.0,68,0.0,0.0,0.0,12,hipaa_benchmark,rrf_lexical_inductive,60,1
0.0,68,0.0,0.0,0.0,73,hipaa_benchmark,tfidf,61,1
0.0,97,0.0,0.0,0.0,51,hipaa_benchmark,bm25,61,1
0.0,68,0.0,0.0,0.0,66,hipaa_benchmark,lsi,61,1
0.0,68,0.0,0.0,0.0,89,hipaa_benchmark,lsi_inductive,61,1
0.0,136,0.0,0.0,0.0,152,hipaa_benchmark,semantic,61,1
0.0,137,0.0,0.0,0.0,42,hipaa_benchmark,reranker,61,1
0.0,68,0.0,0.0,0.0,58,hipaa_benchmark,rrf_lexical,61,1
0.0,68,0.0,0.0,0.0,62,hipaa_benchmark,rrf_lexical_inductive,61,1
0.0,68,0.0,0.0,0.0,7,hipaa_benchmark,tfidf,62,1
0.0,97,0.0,0.0,0.0,9,hipaa_benchmark,bm25,62,1
0.0,68,0.0,0.0,0.0,8,hipaa_benchmark,lsi,62,1
0.0,68,0.0,0.0,0.0,9,hipaa_benchmark,lsi_inductive,62,1
0.0,144,0.0,0.0,0.0,10,hipaa_benchmark,semantic,62,1
0.0,137,0.5,1.0,0.2,2,hipaa_benchmark,reranker,62,1
0.0,68,0.0,0.0,0.0,8,hipaa_benchmark,rrf_lexical,62,1
0.0,68,0.0,0.0,0.0,8,hipaa_benchmark,rrf_lexical_inductive,62,1
0.0,160,0.0,0.0,0.0,10,hipaa_benchmark,tfidf,63,4
0.0,160,0.0,0.0,0.0,7,hipaa_benchmark,bm25,63,4
0.0,160,0.0,0.0,0.0,23,hipaa_benchmark,lsi,63,4
0.0,160,0.0,0.0,0.0,9,hipaa_benchmark,lsi_inductive,63,4
0.0,185,0.2,0.25,0.2,5,hipaa_benchmark,semantic,63,4
0.0,185,0.25,0.25,0.2,4,hipaa_benchmark,reranker,63,4
0.0,160,0.0,0.0,0.0,20,hipaa_benchmark,rrf_lexical,63,4
0.0,160,0.0,0.0,0.0,9,hipaa_benchmark,rrf_lexical_inductive,63,4
1.0,44,1.0,0.5,0.2,1,hipaa_benchmark,tfidf,64,2
1.0,44,1.0,0.5,0.2,1,hipaa_benchmark,bm25,64,2
1.0,44,1.0,0.5,0.2,1,hipaa_benchmark,lsi,64,2
1.0,44,1.0,0.5,0.2,1,hipaa_benchmark,lsi_inductive,64,2
0.0,185,0.0,0.0,0.0,56,hipaa_benchmark,semantic,64,2
0.0,43,0.0,0.0,0.0,167,hipaa_benchmark,reranker,64,2
1.0,44,1.0,0.5,0.2,1,hipaa_benchmark,rrf_lexical,64,2
1.0,44,1.0,0.5,0.2,1,hipaa_benchmark,rrf_lexical_inductive,64,2
0.0,164,0.0,0.0,0.0,10,hipaa_benchmark,tfidf,65,1
0.0,164,0.0,0.0,0.0,35,hipaa_benchmark,bm25,65,1
0.0,8,0.0,0.0,0.0,75,hipaa_benchmark,lsi,65,1
0.0,8,0.0,0.0,0.0,28,hipaa_benchmark,lsi_inductive,65,1
0.0,31,0.2,1.0,0.2,5,hipaa_benchmark,semantic,65,1
0.0,38,0.5,1.0,0.2,2,hipaa_benchmark,reranker,65,1
0.0,164,0.0,0.0,0.0,29,hipaa_benchmark,rrf_lexical,65,1
0.0,8,0.0,0.0,0.0,20,hipaa_benchmark,rrf_lexical_inductive,65,1
0.0,224,0.2,0.05,0.2,5,hipaa_benchmark,tfidf,66,20
0.0,146,0.0,0.0,0.0,7,hipaa_benchmark,bm25,66,20
0.0,224,0.0,0.0,0.0,10,hipaa_benchmark,lsi,66,20
1.0,136,1.0,0.15,0.6,1,hipaa_benchmark,lsi_inductive,66,20
0.0,206,0.5,0.2,0.8,2,hipaa_benchmark,semantic,66,20
0.0,206,0.3333333333333333,0.15,0.6,3,hipaa_benchmark,reranker,66,20
0.0,206,0.2,0.05,0.2,5,hipaa_benchmark,rrf_lexical,66,20
0.0,72,0.3333333333333333,0.1,0.4,3,hipaa_benchmark,rrf_lexical_inductive,66,20
0.0,267,0.5,0.047619047619047616,0.2,2,hipaa_benchmark,tfidf,67,21
0.0,180,0.5,0.09523809523809523,0.4,2,hipaa_benchmark,bm25,67,21
0.0,126,0.3333333333333333,0.047619047619047616,0.2,3,hipaa_benchmark,lsi,67,21
0.0,126,0.25,0.047619047619047616,0.2,4,hipaa_benchmark,lsi_inductive,67,21
1.0,114,1.0,0.23809523809523808,1.0,1,hipaa_benchmark,semantic,67,21
1.0,114,1.0,0.09523809523809523,0.4,1,hipaa_benchmark,reranker,67,21
1.0,114,1.0,0.047619047619047616,0.2,1,hipaa_benchmark,rrf_lexical,67,21
1.0,114,1.0,0.09523809523809523,0.4,1,hipaa_benchmark,rrf_lexical_inductive,67,21
0.0,284,0.3333333333333333,0.25,0.2,3,pf_benchmark,tfidf,0,4
0.0,175,0.0,0.0,0.0,13,pf_benchmark,bm25,0,4
0.0,284,0.2,0.25,0.2,5,pf_benchmark,lsi,0,4
0.0,284,0.3333333333333333,0.25,0.2,3,pf_benchmark,lsi_inductive,0,4
0.0,85,0.25,0.5,0.4,4,pf_benchmark,semantic,0,4
0.0,85,0.3333333333333333,0.25,0.2,3,pf_benchmark,reranker,0,4
0.0,284,0.0,0.0,0.0,6,pf_benchmark,rrf_lexical,0,4
0.0,284,0.25,0.25,0.2,4,pf_benchmark,rrf_lexical_inductive,0,4
0.0,208,0.0,0.0,0.0,8,pf_benchmark,tfidf,1,2
0.0,208,0.0,0.0,0.0,131,pf_benchmark,bm25,1,2
0.0,208,0.0,0.0,0.0,27,pf_benchmark,lsi,1,2
0.0,208,0.0,0.0,0.0,9,pf_benchmark,lsi_inductive,1,2
0.0,80,0.0,0.0,0.0,38,pf_benchmark,semantic,1,2
0.0,89,0.0,0.0,0.0,185,pf_benchmark,reranker,1,2
0.0,208,0.0,0.0,0.0,32,pf_benchmark,rrf_lexical,1,2
0.0,208,0.0,0.0,0.0,24,pf_benchmark,rrf_lexical_inductive,1,2
0.0,191,0.3333333333333333,1.0,0.2,3,pf_benchmark,tfidf,2,1
0.0,129,0.0,0.0,0.0,11,pf_benchmark,bm25,2,1
0.0,129,0.0,0.0,0.0,9,pf_benchmark,lsi,2,1
1.0,63,1.0,1.0,0.2,1,pf_benchmark,lsi_inductive,2,1
0.0,191,0.0,0.0,0.0,55,pf_benchmark,semantic,2,1
0.0,191,0.0,0.0,0.0,188,pf_benchmark,reranker,2,1
0.0,129,0.2,1.0,0.2,5,pf_benchmark,rrf_lexical,2,1
0.0,129,0.3333333333333333,1.0,0.2,3,pf_benchmark,rrf_lexical_inductive,2,1
1.0,63,1.0,1.0,0.2,1,pf_benchmark,tfidf,3,1
1.0,63,1.0,1.0,0.2,1,pf_benchmark,bm25,3,1
1.0,63,1.0,1.0,0.2,1,pf_benchmark,lsi,3,1
1.0,63,1.0,1.0,0.2,1,pf_benchmark,lsi_inductive,3,1
1.0,63,1.0,1.0,0.2,1,pf_benchmark,semantic,3,1
1.0,63,1.0,1.0,0.2,1,pf_benchmark,reranker,3,1
1.0,63,1.0,1.0,0.2,1,pf_benchmark,rrf_lexical,3,1
1.0,63,1.0,1.0,0.2,1,pf_benchmark,rrf_lexical_inductive,3,1
1.0,63,1.0,0.25,0.2,1,pf_benchmark,tfidf,4,4
1.0,63,1.0,0.5,0.4,1,pf_benchmark,bm25,4,4
1.0,63,1.0,0.25,0.2,1,pf_benchmark,lsi,4,4
1.0,63,1.0,0.25,0.2,1,pf_benchmark,lsi_inductive,4,4
1.0,63,1.0,0.75,0.6,1,pf_benchmark,semantic,4,4
1.0,63,1.0,0.5,0.4,1,pf_benchmark,reranker,4,4
1.0,63,1.0,0.25,0.2,1,pf_benchmark,rrf_lexical,4,4
1.0,63,1.0,0.25,0.2,1,pf_benchmark,rrf_lexical_inductive,4,4
1.0,63,1.0,0.3333333333333333,0.2,1,pf_benchmark,tfidf,5,3
1.0,63,1.0,0.3333333333333333,0.2,1,pf_benchmark,bm25,5,3
1.0,63,1.0,0.3333333333333333,0.2,1,pf_benchmark,lsi,5,3
1.0,63,1.0,0.3333333333333333,0.2,1,pf_benchmark,lsi_inductive,5,3
1.0,63,1.0,0.6666666666666666,0.4,1,pf_benchmark,semantic,5,3
1.0,63,1.0,0.3333333333333333,0.2,1,pf_benchmark,reranker,5,3
1.0,63,1.0,0.3333333333333333,0.2,1,pf_benchmark,rrf_lexical,5,3
1.0,63,1.0,0.3333333333333333,0.2,1,pf_benchmark,rrf_lexical_inductive,5,3
0.0,50,0.5,0.3333333333333333,0.2,2,pf_benchmark,tfidf,6,3
1.0,62,1.0,0.3333333333333333,0.2,1,pf_benchmark,bm25,6,3
0.0,258,0.25,0.3333333333333333,0.2,4,pf_benchmark,lsi,6,3
0.0,166,0.3333333333333333,0.3333333333333333,0.2,3,pf_benchmark,lsi_inductive,6,3
0.0,187,0.5,0.3333333333333333,0.2,2,pf_benchmark,semantic,6,3
1.0,62,1.0,0.3333333333333333,0.2,1,pf_benchmark,reranker,6,3
0.0,50,0.5,0.3333333333333333,0.2,2,pf_benchmark,rrf_lexical,6,3
0.0,50,0.3333333333333333,0.6666666666666666,0.4,3,pf_benchmark,rrf_lexical_inductive,6,3
1.0,63,1.0,1.0,0.2,1,pf_benchmark,tfidf,7,1
0.0,291,0.3333333333333333,1.0,0.2,3,pf_benchmark,bm25,7,1
0.0,284,0.25,1.0,0.2,4,pf_benchmark,lsi,7,1
0.0,291,0.3333333333333333,1.0,0.2,3,pf_benchmark,lsi_inductive,7,1
1.0,63,1.0,1.0,0.2,1,pf_benchmark,semantic,7,1
1.0,63,1.0,1.0,0.2,1,pf_benchmark,reranker,7,1
0.0,291,0.3333333333333333,1.0,0.2,3,pf_benchmark,rrf_lexical,7,1
0.0,291,0.5,1.0,0.2,2,pf_benchmark,rrf_lexical_inductive,7,1
0.0,63,0.0,0.0,0.0,79,pf_benchmark,tfidf,8,2
0.0,187,0.0,0.0,0.0,99,pf_benchmark,bm25,8,2
0.0,250,0.0,0.0,0.0,91,pf_benchmark,lsi,8,2
0.0,20,0.0,0.0,0.0,134,pf_benchmark,lsi_inductive,8,2
0.0,166,0.0,0.0,0.0,95,pf_benchmark,semantic,8,2
0.0,187,0.0,0.0,0.0,110,pf_benchmark,reranker,8,2
0.0,187,0.0,0.0,0.0,99,pf_benchmark,rrf_lexical,8,2
0.0,187,0.0,0.0,0.0,114,pf_benchmark,rrf_lexical_inductive,8,2
1.0,154,1.0,1.0,0.2,1,pf_benchmark,tfidf,9,1
0.0,157,0.0,0.0,0.0,8,pf_benchmark,bm25,9,1
1.0,154,1.0,1.0,0.2,1,pf_benchmark,lsi,9,1
1.0,154,1.0,1.0,0.2,1,pf_benchmark,lsi_inductive,9,1
0.0,43,0.0,0.0,0.0,14,pf_benchmark,semantic,9,1
0.0,66,0.5,1.0,0.2,2,pf_benchmark,reranker,9,1
0.0,157,0.3333333333333333,1.0,0.2,3,pf_benchmark,rrf_lexical,9,1
0.0,157,0.3333333333333333,1.0,0.2,3,pf_benchmark,rrf_lexical_inductive,9,1
0.0,229,0.0,0.0,0.0,28,pf_benchmark,tfidf,10,1
0.0,140,0.0,0.0,0.0,46,pf_benchmark,bm25,10,1
0.0,229,0.0,0.0,0.0,36,pf_benchmark,lsi,10,1
0.0,229,0.0,0.0,0.0,27,pf_benchmark,lsi_inductive,10,1
0.0,43,0.0,0.0,0.0,22,pf_benchmark,semantic,10,1
0.0,66,0.0,0.0,0.0,30,pf_benchmark,reranker,10,1
0.0,229,0.0,0.0,0.0,34,pf_benchmark,rrf_lexical,10,1
0.0,229,0.0,0.0,0.0,30,pf_benchmark,rrf_lexical_inductive,10,1
1.0,63,1.0,0.2,0.2,1,pf_benchmark,tfidf,11,5
1.0,63,1.0,0.2,0.2,1,pf_benchmark,bm25,11,5
1.0,63,1.0,0.2,0.2,1,pf_benchmark,lsi,11,5
1.0,63,1.0,0.2,0.2,1,pf_benchmark,lsi_inductive,11,5
1.0,191,1.0,0.2,0.2,1,pf_benchmark,semantic,11,5
0.0,85,0.3333333333333333,0.2,0.2,3,pf_benchmark,reranker,11,5
1.0,63,1.0,0.2,0.2,1,pf_benchmark,rrf_lexical,11,5
1.0,63,1.0,0.2,0.2,1,pf_benchmark,rrf_lexical_inductive,11,5
1.0,63,1.0,0.3333333333333333,0.2,1,pf_benchmark,tfidf,12,3
1.0,63,1.0,0.3333333333333333,0.2,1,pf_benchmark,bm25,12,3
1.0,63,1.0,0.3333333333333333,0.2,1,pf_benchmark,lsi,12,3
1.0,63,1.0,0.3333333333333333,0.2,1,pf_benchmark,lsi_inductive,12,3
0.0,283,0.25,0.3333333333333333,0.2,4,pf_benchmark,semantic,12,3
0.0,12,0.5,0.3333333333333333,0.2,2,pf_benchmark,reranker,12,3
1.0,63,1.0,0.3333333333333333,0.2,1,pf_benchmark,rrf_lexical,12,3
1.0,63,1.0,0.3333333333333333,0.2,1,pf_benchmark,rrf_lexical_inductive,12,3
0.0,63,0.2,0.25,0.2,5,pf_benchmark,tfidf,13,4
0.0,54,0.0,0.0,0.0,12,pf_benchmark,bm25,13,4
0.0,54,0.3333333333333333,0.25,0.2,3,pf_benchmark,lsi,13,4
0.0,63,0.0,0.0,0.0,7,pf_benchmark,lsi_inductive,13,4
1.0,195,1.0,0.5,0.4,1,pf_benchmark,semantic,13,4
1.0,195,1.0,0.5,0.4,1,pf_benchmark,reranker,13,4
0.0,54,0.2,0.25,0.2,5,pf_benchmark,rrf_lexical,13,4
0.0,63,0.0,0.0,0.0,7,pf_benchmark,rrf_lexical_inductive,13,4
1.0,171,1.0,0.5,0.6,1,pf_benchmark,tfidf,14,6
1.0,171,1.0,0.3333333333333333,0.4,1,pf_benchmark,bm25,14,6
1.0,171,1.0,0.5,0.6,1,pf_benchmark,lsi,14,6
1.0,171,1.0,0.5,0.6,1,pf_benchmark,lsi_inductive,14,6
1.0,198,1.0,0.3333333333333333,0.4,1,pf_benchmark,semantic,14,6
1.0,198,1.0,0.6666666666666666,0.8,1,pf_benchmark,reranker,14,6
1.0,171,1.0,0.3333333333333333,0.4,1,pf_benchmark,rrf_lexical,14,6
1.0,171,1.0,0.5,0.6,1,pf_benchmark,rrf_lexical_inductive,14,6
0.0,172,0.25,0.14285714285714285,0.2,4,pf_benchmark,tfidf,15,7
0.0,172,0.0,0.0,0.0,8,pf_benchmark,bm25,15,7
0.0,172,0.0,0.0,0.0,8,pf_benchmark,lsi,15,7
0.0,172,0.0,0.0,0.0,9,pf_benchmark,lsi_inductive,15,7
0.0,193,0.3333333333333333,0.2857142857142857,0.4,3,pf_benchmark,semantic,15,7
0.0,193,0.5,0.14285714285714285,0.2,2,pf_benchmark,reranker,15,7
0.0,172,0.0,0.0,0.0,6,pf_benchmark,rrf_lexical,15,7
0.0,172,0.0,0.0,0.0,6,pf_benchmark,rrf_lexical_inductive,15,7
1.0,195,1.0,0.125,0.2,1,pf_benchmark,tfidf,16,8
1.0,195,1.0,0.125,0.2,1,pf_benchmark,bm25,16,8
1.0,195,1.0,0.125,0.2,1,pf_benchmark,lsi,16,8
1.0,195,1.0,0.125,0.2,1,pf_benchmark,lsi_inductive,16,8
0.0,187,0.5,0.125,0.2,2,pf_benchmark,semantic,16,8
0.0,283,0.0,0.0,0.0,6,pf_benchmark,reranker,16,8
1.0,195,1.0,0.125,0.2,1,pf_benchmark,rrf_lexical,16,8
1.0,195,1.0,0.125,0.2,1,pf_benchmark,rrf_lexical_inductive,16,8
0.0,149,0.0,0.0,0.0,21,pf_benchmark,tfidf,17,6
0.0,187,0.0,0.0,0.0,40,pf_benchmark,bm25,17,6
0.0,149,0.0,0.0,0.0,16,pf_benchmark,lsi,17,6
0.0,162,0.0,0.0,0.0,17,pf_benchmark,lsi_inductive,17,6
0.0,161,0.0,0.0,0.0,55,pf_benchmark,semantic,17,6
0.0,187,0.0,0.0,0.0,29,pf_benchmark,reranker,17,6
0.0,161,0.0,0.0,0.0,23,pf_benchmark,rrf_lexical,17,6
0.0,161,0.0,0.0,0.0,25,pf_benchmark,rrf_lexical_inductive,17,6
0.0,63,0.0,0.0,0.0,31,pf_benchmark,tfidf,18,6
0.0,196,0.0,0.0,0.0,16,pf_benchmark,bm25,18,6
0.0,149,0.0,0.0,0.0,30,pf_benchmark,lsi,18,6
0.0,20,0.0,0.0,0.0,36,pf_benchmark,lsi_inductive,18,6
1.0,33,1.0,0.16666666666666666,0.2,1,pf_benchmark,semantic,18,6
0.0,283,0.3333333333333333,0.3333333333333333,0.4,3,pf_benchmark,reranker,18,6
0.0,68,0.0,0.0,0.0,19,pf_benchmark,rrf_lexical,18,6
0.0,68,0.0,0.0,0.0,26,pf_benchmark,rrf_lexical_inductive,18,6
0.0,252,0.0,0.0,0.0,7,pf_benchmark,tfidf,19,4
0.0,13,0.0,0.0,0.0,9,pf_benchmark,bm25,19,4
0.0,154,0.0,0.0,0.0,7,pf_benchmark,lsi,19,4
0.0,252,0.3333333333333333,0.25,0.2,3,pf_benchmark,lsi_inductive,19,4
0.0,187,0.5,0.25,0.2,2,pf_benchmark,semantic,19,4
0.0,147,0.5,0.25,0.2,2,pf_benchmark,reranker,19,4
0.0,154,0.2,0.25,0.2,5,pf_benchmark,rrf_lexical,19,4
0.0,252,0.2,0.25,0.2,5,pf_benchmark,rrf_lexical_inductive,19,4
1.0,156,1.0,0.4444444444444444,0.8,1,pf_benchmark,tfidf,20,9
1.0,156,1.0,0.2222222222222222,0.4,1,pf_benchmark,bm25,20,9
1.0,156,1.0,0.3333333333333333,0.6,1,pf_benchmark,lsi,20,9
1.0,156,1.0,0.2222222222222222,0.4,1,pf_benchmark,lsi_inductive,20,9
0.0,185,0.5,0.3333333333333333,0.6,2,pf_benchmark,semantic,20,9
0.0,25,0.5,0.4444444444444444,0.8,2,pf_benchmark,reranker,20,9
1.0,156,1.0,0.3333333333333333,0.6,1,pf_benchmark,rrf_lexical,20,9
1.0,156,1.0,0.3333333333333333,0.6,1,pf_benchmark,rrf_lexical_inductive,20,9
0.0,208,0.2,0.3333333333333333,0.2,5,pf_benchmark,tfidf,21,3
0.0,208,0.0,0.0,0.0,16,pf_benchmark,bm25,21,3
0.0,208,0.0,0.0,0.0,16,pf_benchmark,lsi,21,3
0.0,208,0.0,0.0,0.0,11,pf_benchmark,lsi_inductive,21,3
1.0,162,1.0,0.6666666666666666,0.4,1,pf_benchmark,semantic,21,3
0.0,184,0.3333333333333333,0.6666666666666666,0.4,3,pf_benchmark,reranker,21,3
0.0,208,0.0,0.0,0.0,7,pf_benchmark,rrf_lexical,21,3
0.0,208,0.0,0.0,0.0,7,pf_benchmark,rrf_lexical_inductive,21,3
0.0,172,0.5,0.25,0.6,2,pf_benchmark,tfidf,22,12
0.0,172,0.25,0.08333333333333333,0.2,4,pf_benchmark,bm25,22,12
0.0,172,0.5,0.3333333333333333,0.8,2,pf_benchmark,lsi,22,12
0.0,172,0.5,0.16666666666666666,0.4,2,pf_benchmark,lsi_inductive,22,12
1.0,161,1.0,0.25,0.6,1,pf_benchmark,semantic,22,12
1.0,152,1.0,0.25,0.6,1,pf_benchmark,reranker,22,12
0.0,172,0.5,0.25,0.6,2,pf_benchmark,rrf_lexical,22,12
0.0,172,0.5,0.16666666666666666,0.4,2,pf_benchmark,rrf_lexical_inductive,22,12
0.0,172,0.3333333333333333,0.5,0.2,3,pf_benchmark,tfidf,23,2
0.0,172,0.2,0.5,0.2,5,pf_benchmark,bm25,23,2
0.0,172,0.3333333333333333,1.0,0.4,3,pf_benchmark,lsi,23,2
0.0,172,0.5,1.0,0.4,2,pf_benchmark,lsi_inductive,23,2
0.0,193,0.3333333333333333,1.0,0.4,3,pf_benchmark,semantic,23,2
0.0,147,0.5,0.5,0.2,2,pf_benchmark,reranker,23,2
0.0,172,0.3333333333333333,0.5,0.2,3,pf_benchmark,rrf_lexical,23,2
0.0,172,0.3333333333333333,1.0,0.4,3,pf_benchmark,rrf_lexical_inductive,23,2
0.0,198,0.3333333333333333,1.0,0.2,3,pf_benchmark,tfidf,24,1
0.0,198,0.25,1.0,0.2,4,pf_benchmark,bm25,24,1
0.0,198,0.2,1.0,0.2,5,pf_benchmark,lsi,24,1
0.0,171,0.3333333333333333,1.0,0.2,3,pf_benchmark,lsi_inductive,24,1
0.0,171,0.3333333333333333,1.0,0.2,3,pf_benchmark,semantic,24,1
0.0,198,0.3333333333333333,1.0,0.2,3,pf_benchmark,reranker,24,1
0.0,198,0.25,1.0,0.2,4,pf_benchmark,rrf_lexical,24,1
0.0,198,0.3333333333333333,1.0,0.2,3,pf_benchmark,rrf_lexical_inductive,24,1
0.0,198,0.5,1.0,0.2,2,pf_benchmark,tfidf,25,1
0.0,187,0.3333333333333333,1.0,0.2,3,pf_benchmark,bm25,25,1
1.0,171,1.0,1.0,0.2,1,pf_benchmark,lsi,25,1
1.0,171,1.0,1.0,0.2,1,pf_benchmark,lsi_inductive,25,1
0.0,198,0.5,1.0,0.2,2,pf_benchmark,semantic,25,1
0.0,198,0.5,1.0,0.2,2,pf_benchmark,reranker,25,1
1.0,171,1.0,1.0,0.2,1,pf_benchmark,rrf_lexical,25,1
1.0,171,1.0,1.0,0.2,1,pf_benchmark,rrf_lexical_inductive,25,1
1.0,156,1.0,0.5,0.4,1,pf_benchmark,tfidf,26,4
0.0,188,0.5,0.25,0.2,2,pf_benchmark,bm25,26,4
1.0,156,1.0,0.5,0.4,1,pf_benchmark,lsi,26,4
1.0,156,1.0,0.25,0.2,1,pf_benchmark,lsi_inductive,26,4
0.0,23,0.25,0.25,0.2,4,pf_benchmark,semantic,26,4
1.0,25,1.0,0.5,0.4,1,pf_benchmark,reranker,26,4
1.0,156,1.0,0.25,0.2,1,pf_benchmark,rrf_lexical,26,4
1.0,156,1.0,0.5,0.4,1,pf_benchmark,rrf_lexical_inductive,26,4
0.0,184,0.5,0.5,0.2,2,pf_benchmark,tfidf,27,2
0.0,138,0.0,0.0,0.0,8,pf_benchmark,bm25,27,2
0.0,166,0.3333333333333333,0.5,0.2,3,pf_benchmark,lsi,27,2
0.0,184,0.5,0.5,0.2,2,pf_benchmark,lsi_inductive,27,2
0.0,172,0.0,0.0,0.0,41,pf_benchmark,semantic,27,2
0.0,172,0.0,0.0,0.0,133,pf_benchmark,reranker,27,2
0.0,184,0.3333333333333333,0.5,0.2,3,pf_benchmark,rrf_lexical,27,2
0.0,184,0.5,0.5,0.2,2,pf_benchmark,rrf_lexical_inductive,27,2
0.0,182,0.0,0.0,0.0,6,pf_benchmark,tfidf,28,4
0.0,138,0.25,0.25,0.2,4,pf_benchmark,bm25,28,4
0.0,184,0.3333333333333333,0.25,0.2,3,pf_benchmark,lsi,28,4
0.0,170,0.25,0.25,0.2,4,pf_benchmark,lsi_inductive,28,4
0.0,161,0.0,0.0,0.0,11,pf_benchmark,semantic,28,4
1.0,25,1.0,0.25,0.2,1,pf_benchmark,reranker,28,4
0.0,184,0.25,0.25,0.2,4,pf_benchmark,rrf_lexical,28,4
0.0,184,0.0,0.0,0.0,6,pf_benchmark,rrf_lexical_inductive,28,4
1.0,208,1.0,0.6666666666666666,0.4,1,pf_benchmark,tfidf,29,3
1.0,208,1.0,0.6666666666666666,0.4,1,pf_benchmark,bm25,29,3
1.0,208,1.0,0.6666666666666666,0.4,1,pf_benchmark,lsi,29,3
1.0,208,1.0,0.6666666666666666,0.4,1,pf_benchmark,lsi_inductive,29,3
0.0,4,0.0,0.0,0.0,40,pf_benchmark,semantic,29,3
0.0,184,0.0,0.0,0.0,30,pf_benchmark,reranker,29,3
1.0,208,1.0,0.6666666666666666,0.4,1,pf_benchmark,rrf_lexical,29,3
1.0,208,1.0,0.6666666666666666,0.4,1,pf_benchmark,rrf_lexical_inductive,29,3
0.0,171,0.25,0.16666666666666666,0.2,4,pf_benchmark,tfidf,30,6
0.0,173,0.5,0.16666666666666666,0.2,2,pf_benchmark,bm25,30,6
0.0,198,0.3333333333333333,0.16666666666666666,0.2,3,pf_benchmark,lsi,30,6
0.0,171,0.25,0.16666666666666666,0.2,4,pf_benchmark,lsi_inductive,30,6
1.0,195,1.0,0.5,0.6,1,pf_benchmark,semantic,30,6
1.0,195,1.0,0.16666666666666666,0.2,1,pf_benchmark,reranker,30,6
0.0,198,0.3333333333333333,0.16666666666666666,0.2,3,pf_benchmark,rrf_lexical,30,6
0.0,171,0.3333333333333333,0.16666666666666666,0.2,3,pf_benchmark,rrf_lexical_inductive,30,6
0.0,61,0.0,0.0,0.0,74,pf_benchmark,tfidf,31,4
0.0,182,0.0,0.0,0.0,27,pf_benchmark,bm25,31,4
0.0,183,0.0,0.0,0.0,83,pf_benchmark,lsi,31,4
0.0,276,0.0,0.0,0.0,80,pf_benchmark,lsi_inductive,31,4
0.0,185,0.0,0.0,0.0,87,pf_benchmark,semantic,31,4
0.0,43,0.0,0.0,0.0,50,pf_benchmark,reranker,31,4
0.0,61,0.0,0.0,0.0,48,pf_benchmark,rrf_lexical,31,4
0.0,61,0.0,0.0,0.0,50,pf_benchmark,rrf_lexical_inductive,31,4
0.0,162,0.0,0.0,0.0,9,pf_benchmark,tfidf,32,3
0.0,160,0.0,0.0,0.0,11,pf_benchmark,bm25,32,3
0.0,183,0.5,0.3333333333333333,0.2,2,pf_benchmark,lsi,32,3
1.0,170,1.0,0.3333333333333333,0.2,1,pf_benchmark,lsi_inductive,32,3
0.0,161,0.0,0.0,0.0,6,pf_benchmark,semantic,32,3
1.0,147,1.0,0.3333333333333333,0.2,1,pf_benchmark,reranker,32,3
0.0,183,0.0,0.0,0.0,13,pf_benchmark,rrf_lexical,32,3
0.0,162,0.0,0.0,0.0,13,pf_benchmark,rrf_lexical_inductive,32,3
0.0,50,0.0,0.0,0.0,19,pf_benchmark,tfidf,33,5
0.0,270,0.0,0.0,0.0,28,pf_benchmark,bm25,33,5
0.0,50,0.0,0.0,0.0,11,pf_benchmark,lsi,33,5
0.0,50,0.0,0.0,0.0,42,pf_benchmark,lsi_inductive,33,5
0.0,266,0.0,0.0,0.0,16,pf_benchmark,semantic,33,5
0.0,160,0.0,0.0,0.0,15,pf_benchmark,reranker,33,5
0.0,50,0.0,0.0,0.0,16,pf_benchmark,rrf_lexical,33,5
0.0,50,0.0,0.0,0.0,24,pf_benchmark,rrf_lexical_inductive,33,5
0.0,63,0.0,0.0,0.0,7,pf_benchmark,tfidf,34,1
1.0,93,1.0,1.0,0.2,1,pf_benchmark,bm25,34,1
0.0,63,0.0,0.0,0.0,23,pf_benchmark,lsi,34,1
0.0,63,0.0,0.0,0.0,68,pf_benchmark,lsi_inductive,34,1
0.0,63,0.0,0.0,0.0,40,pf_benchmark,semantic,34,1
0.0,185,0.0,0.0,0.0,281,pf_benchmark,reranker,34,1
0.0,63,0.0,0.0,0.0,8,pf_benchmark,rrf_lexical,34,1
0.0,63,0.0,0.0,0.0,13,pf_benchmark,rrf_lexical_inductive,34,1
1.0,169,1.0,0.5,0.4,1,pf_benchmark,tfidf,35,4
1.0,169,1.0,0.5,0.4,1,pf_benchmark,bm25,35,4
1.0,169,1.0,0.5,0.4,1,pf_benchmark,lsi,35,4
1.0,169,1.0,0.5,0.4,1,pf_benchmark,lsi_inductive,35,4
0.0,161,0.5,0.25,0.2,2,pf_benchmark,semantic,35,4
1.0,169,1.0,0.5,0.4,1,pf_benchmark,reranker,35,4
1.0,169,1.0,0.5,0.4,1,pf_benchmark,rrf_lexical,35,4
1.0,169,1.0,0.5,0.4,1,pf_benchmark,rrf_lexical_inductive,35,4
1.0,188,1.0,0.25,0.2,1,pf_benchmark,tfidf,36,4
0.0,2,0.0,0.0,0.0,9,pf_benchmark,bm25,36,4
0.0,47,0.3333333333333333,0.25,0.2,3,pf_benchmark,lsi,36,4
0.0,47,0.0,0.0,0.0,6,pf_benchmark,lsi_inductive,36,4
1.0,186,1.0,0.25,0.2,1,pf_benchmark,semantic,36,4
0.0,43,0.5,0.25,0.2,2,pf_benchmark,reranker,36,4
0.0,47,0.3333333333333333,0.25,0.2,3,pf_benchmark,rrf_lexical,36,4
0.0,47,0.3333333333333333,0.25,0.2,3,pf_benchmark,rrf_lexical_inductive,36,4
0.0,63,0.2,0.125,0.2,5,pf_benchmark,tfidf,37,8
0.0,167,0.0,0.0,0.0,6,pf_benchmark,bm25,37,8
0.0,20,0.2,0.125,0.2,5,pf_benchmark,lsi,37,8
0.0,20,0.3333333333333333,0.125,0.2,3,pf_benchmark,lsi_inductive,37,8
1.0,276,1.0,0.25,0.4,1,pf_benchmark,semantic,37,8
0.0,185,0.3333333333333333,0.25,0.4,3,pf_benchmark,reranker,37,8
0.0,20,0.0,0.0,0.0,6,pf_benchmark,rrf_lexical,37,8
0.0,20,0.2,0.125,0.2,5,pf_benchmark,rrf_lexical_inductive,37,8
0.0,63,0.2,0.16666666666666666,0.2,5,pf_benchmark,tfidf,38,6
0.0,70,0.2,0.16666666666666666,0.2,5,pf_benchmark,bm25,38,6
0.0,183,0.2,0.16666666666666666,0.2,5,pf_benchmark,lsi,38,6
0.0,20,0.0,0.0,0.0,7,pf_benchmark,lsi_inductive,38,6
0.0,21,0.3333333333333333,0.3333333333333333,0.4,3,pf_benchmark,semantic,38,6
1.0,185,1.0,0.5,0.6,1,pf_benchmark,reranker,38,6
0.0,154,0.0,0.0,0.0,6,pf_benchmark,rrf_lexical,38,6
0.0,187,0.0,0.0,0.0,6,pf_benchmark,rrf_lexical_inductive,38,6
1.0,204,1.0,0.1111111111111111,0.2,1,pf_benchmark,tfidf,39,9
1.0,204,1.0,0.1111111111111111,0.2,1,pf_benchmark,bm25,39,9
1.0,204,1.0,0.1111111111111111,0.2,1,pf_benchmark,lsi,39,9
1.0,204,1.0,0.1111111111111111,0.2,1,pf_benchmark,lsi_inductive,39,9
0.0,63,0.5,0.2222222222222222,0.4,2,pf_benchmark,semantic,39,9
1.0,204,1.0,0.4444444444444444,0.8,1,pf_benchmark,reranker,39,9
1.0,204,1.0,0.1111111111111111,0.2,1,pf_benchmark,rrf_lexical,39,9
1.0,204,1.0,0.1111111111111111,0.2,1,pf_benchmark,rrf_lexical_inductive,39,9
0.0,283,0.0,0.0,0.0,23,pf_benchmark,tfidf,40,6
0.0,22,0.0,0.0,0.0,39,pf_benchmark,bm25,40,6
0.0,283,0.0,0.0,0.0,38,pf_benchmark,lsi,40,6
0.0,63,0.0,0.0,0.0,42,pf_benchmark,lsi_inductive,40,6
0.0,63,0.0,0.0,0.0,37,pf_benchmark,semantic,40,6
0.0,283,0.0,0.0,0.0,116,pf_benchmark,reranker,40,6
0.0,283,0.0,0.0,0.0,32,pf_benchmark,rrf_lexical,40,6
0.0,63,0.0,0.0,0.0,25,pf_benchmark,rrf_lexical_inductive,40,6
0.0,117,0.0,0.0,0.0,109,pf_benchmark,tfidf,41,8
0.0,22,0.0,0.0,0.0,61,pf_benchmark,bm25,41,8
0.0,283,0.0,0.0,0.0,29,pf_benchmark,lsi,41,8
0.0,63,0.0,0.0,0.0,48,pf_benchmark,lsi_inductive,41,8
0.0,226,0.0,0.0,0.0,58,pf_benchmark,semantic,41,8
0.0,226,0.0,0.0,0.0,101,pf_benchmark,reranker,41,8
0.0,117,0.0,0.0,0.0,61,pf_benchmark,rrf_lexical,41,8
0.0,117,0.0,0.0,0.0,71,pf_benchmark,rrf_lexical_inductive,41,8
0.0,283,0.0,0.0,0.0,111,pf_benchmark,tfidf,42,6
0.0,22,0.0,0.0,0.0,50,pf_benchmark,bm25,42,6
0.0,283,0.0,0.0,0.0,112,pf_benchmark,lsi,42,6
0.0,20,0.0,0.0,0.0,37,pf_benchmark,lsi_inductive,42,6
0.0,63,0.0,0.0,0.0,9,pf_benchmark,semantic,42,6
0.0,283,0.3333333333333333,0.16666666666666666,0.2,3,pf_benchmark,reranker,42,6
0.0,283,0.0,0.0,0.0,124,pf_benchmark,rrf_lexical,42,6
0.0,20,0.0,0.0,0.0,54,pf_benchmark,rrf_lexical_inductive,42,6
0.0,283,0.0,0.0,0.0,97,pf_benchmark,tfidf,43,7
0.0,22,0.0,0.0,0.0,52,pf_benchmark,bm25,43,7
0.0,283,0.0,0.0,0.0,38,pf_benchmark,lsi,43,7
0.0,20,0.0,0.0,0.0,18,pf_benchmark,lsi_inductive,43,7
0.0,299,0.2,0.14285714285714285,0.2,5,pf_benchmark,semantic,43,7
0.0,283,0.0,0.0,0.0,12,pf_benchmark,reranker,43,7
0.0,283,0.0,0.0,0.0,72,pf_benchmark,rrf_lexical,43,7
0.0,20,0.0,0.0,0.0,47,pf_benchmark,rrf_lexical_inductive,43,7
0.0,63,0.0,0.0,0.0,27,pf_benchmark,tfidf,44,3
0.0,109,0.0,0.0,0.0,12,pf_benchmark,bm25,44,3
0.0,63,0.0,0.0,0.0,34,pf_benchmark,lsi,44,3
0.0,63,0.0,0.0,0.0,21,pf_benchmark,lsi_inductive,44,3
0.0,266,0.3333333333333333,0.3333333333333333,0.2,3,pf_benchmark,semantic,44,3
0.0,165,0.5,0.3333333333333333,0.2,2,pf_benchmark,reranker,44,3
0.0,63,0.0,0.0,0.0,27,pf_benchmark,rrf_lexical,44,3
0.0,63,0.0,0.0,0.0,19,pf_benchmark,rrf_lexical_inductive,44,3
0.0,63,0.0,0.0,0.0,121,pf_benchmark,tfidf,45,2
0.0,299,0.0,0.0,0.0,64,pf_benchmark,bm25,45,2
0.0,166,0.0,0.0,0.0,131,pf_benchmark,lsi,45,2
0.0,20,0.0,0.0,0.0,129,pf_benchmark,lsi_inductive,45,2
0.0,226,0.0,0.0,0.0,106,pf_benchmark,semantic,45,2
0.0,232,0.0,0.0,0.0,86,pf_benchmark,reranker,45,2
0.0,20,0.0,0.0,0.0,103,pf_benchmark,rrf_lexical,45,2
0.0,20,0.0,0.0,0.0,108,pf_benchmark,rrf_lexical_inductive,45,2
0.0,63,0.0,0.0,0.0,9,pf_benchmark,tfidf,46,6
1.0,13,1.0,0.3333333333333333,0.4,1,pf_benchmark,bm25,46,6
0.0,20,0.0,0.0,0.0,8,pf_benchmark,lsi,46,6
0.0,20,0.0,0.0,0.0,9,pf_benchmark,lsi_inductive,46,6
0.0,256,0.5,0.16666666666666666,0.2,2,pf_benchmark,semantic,46,6
0.0,188,0.5,0.3333333333333333,0.4,2,pf_benchmark,reranker,46,6
0.0,20,0.0,0.0,0.0,6,pf_benchmark,rrf_lexical,46,6
0.0,20,0.0,0.0,0.0,7,pf_benchmark,rrf_lexical_inductive,46,6
0.0,31,0.3333333333333333,0.1111111111111111,0.2,3,pf_benchmark,tfidf,47,9
0.0,190,0.25,0.1111111111111111,0.2,4,pf_benchmark,bm25,47,9
0.0,190,0.25,0.2222222222222222,0.4,4,pf_benchmark,lsi,47,9
0.0,31,0.2,0.1111111111111111,0.2,5,pf_benchmark,lsi_inductive,47,9
0.0,31,0.5,0.3333333333333333,0.6,2,pf_benchmark,semantic,47,9
1.0,28,1.0,0.5555555555555556,1.0,1,pf_benchmark,reranker,47,9
0.0,190,0.3333333333333333,0.2222222222222222,0.4,3,pf_benchmark,rrf_lexical,47,9
0.0,31,0.3333333333333333,0.2222222222222222,0.4,3,pf_benchmark,rrf_lexical_inductive,47,9
0.0,149,0.0,0.0,0.0,37,pf_benchmark,tfidf,48,6
0.0,149,0.0,0.0,0.0,25,pf_benchmark,bm25,48,6
0.0,149,0.0,0.0,0.0,166,pf_benchmark,lsi,48,6
0.0,20,0.0,0.0,0.0,34,pf_benchmark,lsi_inductive,48,6
0.0,276,0.0,0.0,0.0,29,pf_benchmark,semantic,48,6
0.0,157,0.0,0.0,0.0,88,pf_benchmark,reranker,48,6
0.0,149,0.0,0.0,0.0,43,pf_benchmark,rrf_lexical,48,6
0.0,149,0.0,0.0,0.0,35,pf_benchmark,rrf_lexical_inductive,48,6
0.0,63,0.5,0.14285714285714285,0.2,2,pf_benchmark,tfidf,49,7
0.0,63,0.5,0.14285714285714285,0.2,2,pf_benchmark,bm25,49,7
0.0,63,0.5,0.14285714285714285,0.2,2,pf_benchmark,lsi,49,7
0.0,63,0.5,0.14285714285714285,0.2,2,pf_benchmark,lsi_inductive,49,7
0.0,109,0.0,0.0,0.0,14,pf_benchmark,semantic,49,7
0.0,63,0.0,0.0,0.0,7,pf_benchmark,reranker,49,7
0.0,63,0.5,0.14285714285714285,0.2,2,pf_benchmark,rrf_lexical,49,7
0.0,63,0.5,0.14285714285714285,0.2,2,pf_benchmark,rrf_lexical_inductive,49,7
0.0,77,0.3333333333333333,0.2857142857142857,0.4,3,pf_benchmark,tfidf,50,7
1.0,283,1.0,0.2857142857142857,0.4,1,pf_benchmark,bm25,50,7
1.0,283,1.0,0.14285714285714285,0.2,1,pf_benchmark,lsi,50,7
1.0,283,1.0,0.2857142857142857,0.4,1,pf_benchmark,lsi_inductive,50,7
1.0,283,1.0,0.14285714285714285,0.2,1,pf_benchmark,semantic,50,7
1.0,283,1.0,0.14285714285714285,0.2,1,pf_benchmark,reranker,50,7
1.0,283,1.0,0.2857142857142857,0.4,1,pf_benchmark,rrf_lexical,50,7
1.0,283,1.0,0.2857142857142857,0.4,1,pf_benchmark,rrf_lexical_inductive,50,7
0.0,63,0.5,0.1111111111111111,0.2,2,pf_benchmark,tfidf,51,9
0.0,189,0.5,0.1111111111111111,0.2,2,pf_benchmark,bm25,51,9
0.0,138,0.5,0.1111111111111111,0.2,2,pf_benchmark,lsi,51,9
1.0,20,1.0,0.1111111111111111,0.2,1,pf_benchmark,lsi_inductive,51,9
0.0,63,0.0,0.0,0.0,14,pf_benchmark,semantic,51,9
0.0,188,0.0,0.0,0.0,10,pf_benchmark,reranker,51,9
0.0,138,0.5,0.2222222222222222,0.4,2,pf_benchmark,rrf_lexical,51,9
1.0,20,1.0,0.1111111111111111,0.2,1,pf_benchmark,rrf_lexical_inductive,51,9
0.0,283,0.0,0.0,0.0,24,pf_benchmark,tfidf,52,3
0.0,80,0.0,0.0,0.0,25,pf_benchmark,bm25,52,3
0.0,10,0.0,0.0,0.0,14,pf_benchmark,lsi,52,3
0.0,63,0.0,0.0,0.0,29,pf_benchmark,lsi_inductive,52,3
0.0,112,0.25,0.3333333333333333,0.2,4,pf_benchmark,semantic,52,3
1.0,256,1.0,0.3333333333333333,0.2,1,pf_benchmark,reranker,52,3
0.0,10,0.0,0.0,0.0,21,pf_benchmark,rrf_lexical,52,3
0.0,63,0.0,0.0,0.0,25,pf_benchmark,rrf_lexical_inductive,52,3
1.0,13,1.0,0.5,0.2,1,pf_benchmark,tfidf,53,2
1.0,13,1.0,0.5,0.2,1,pf_benchmark,bm25,53,2
1.0,13,1.0,0.5,0.2,1,pf_benchmark,lsi,53,2
1.0,13,1.0,0.5,0.2,1,pf_benchmark,lsi_inductive,53,2
0.0,232,0.25,0.5,0.2,4,pf_benchmark,semantic,53,2
1.0,13,1.0,0.5,0.2,1,pf_benchmark,reranker,53,2
1.0,13,1.0,0.5,0.2,1,pf_benchmark,rrf_lexical,53,2
1.0,13,1.0,0.5,0.2,1,pf_benchmark,rrf_lexical_inductive,53,2
1.0,185,1.0,0.25,0.4,1,pf_benchmark,tfidf,54,8
1.0,185,1.0,0.375,0.6,1,pf_benchmark,bm25,54,8
1.0,163,1.0,0.5,0.8,1,pf_benchmark,lsi,54,8
1.0,187,1.0,0.25,0.4,1,pf_benchmark,lsi_inductive,54,8
1.0,185,1.0,0.375,0.6,1,pf_benchmark,semantic,54,8
1.0,185,1.0,0.25,0.4,1,pf_benchmark,reranker,54,8
1.0,185,1.0,0.5,0.8,1,pf_benchmark,rrf_lexical,54,8
1.0,185,1.0,0.5,0.8,1,pf_benchmark,rrf_lexical_inductive,54,8
0.0,163,0.0,0.0,0.0,15,pf_benchmark,tfidf,55,1
0.0,163,0.0,0.0,0.0,15,pf_benchmark,bm25,55,1
0.0,163,0.0,0.0,0.0,11,pf_benchmark,lsi,55,1
0.0,166,0.0,0.0,0.0,16,pf_benchmark,lsi_inductive,55,1
0.0,162,0.3333333333333333,1.0,0.2,3,pf_benchmark,semantic,55,1
0.0,187,0.3333333333333333,1.0,0.2,3,pf_benchmark,reranker,55,1
0.0,163,0.0,0.0,0.0,13,pf_benchmark,rrf_lexical,55,1
0.0,163,0.0,0.0,0.0,13,pf_benchmark,rrf_lexical_inductive,55,1
0.0,187,0.25,0.25,0.2,4,pf_benchmark,tfidf,56,4
0.0,187,0.5,0.5,0.4,2,pf_benchmark,bm25,56,4
1.0,163,1.0,0.25,0.2,1,pf_benchmark,lsi,56,4
0.0,20,0.0,0.0,0.0,8,pf_benchmark,lsi_inductive,56,4
0.0,187,0.3333333333333333,0.25,0.2,3,pf_benchmark,semantic,56,4
0.0,187,0.25,0.5,0.4,4,pf_benchmark,reranker,56,4
0.0,187,0.5,0.5,0.4,2,pf_benchmark,rrf_lexical,56,4
0.0,187,0.3333333333333333,0.5,0.4,3,pf_benchmark,rrf_lexical_inductive,56,4
0.0,27,0.3333333333333333,0.3333333333333333,0.2,3,pf_benchmark,tfidf,57,3
1.0,169,1.0,0.6666666666666666,0.4,1,pf_benchmark,bm25,57,3
1.0,163,1.0,0.6666666666666666,0.4,1,pf_benchmark,lsi,57,3
0.0,20,0.25,0.3333333333333333,0.2,4,pf_benchmark,lsi_inductive,57,3
0.0,199,0.5,0.3333333333333333,0.2,2,pf_benchmark,semantic,57,3
0.0,82,0.0,0.0,0.0,6,pf_benchmark,reranker,57,3
0.0,82,0.5,0.6666666666666666,0.4,2,pf_benchmark,rrf_lexical,57,3
0.0,82,0.5,0.6666666666666666,0.4,2,pf_benchmark,rrf_lexical_inductive,57,3
0.0,63,0.0,0.0,0.0,16,pf_benchmark,tfidf,58,4
0.0,236,0.0,0.0,0.0,8,pf_benchmark,bm25,58,4
0.0,223,0.0,0.0,0.0,16,pf_benchmark,lsi,58,4
0.0,20,0.0,0.0,0.0,18,pf_benchmark,lsi_inductive,58,4
0.0,63,0.25,0.25,0.2,4,pf_benchmark,semantic,58,4
1.0,213,1.0,0.25,0.2,1,pf_benchmark,reranker,58,4
0.0,209,0.0,0.0,0.0,12,pf_benchmark,rrf_lexical,58,4
0.0,63,0.0,0.0,0.0,13,pf_benchmark,rrf_lexical_inductive,58,4
1.0,164,1.0,1.0,0.2,1,pf_benchmark,tfidf,59,1
1.0,164,1.0,1.0,0.2,1,pf_benchmark,bm25,59,1
1.0,164,1.0,1.0,0.2,1,pf_benchmark,lsi,59,1
0.0,190,0.2,1.0,0.2,5,pf_benchmark,lsi_inductive,59,1
0.0,40,0.5,1.0,0.2,2,pf_benchmark,semantic,59,1
1.0,164,1.0,1.0,0.2,1,pf_benchmark,reranker,59,1
1.0,164,1.0,1.0,0.2,1,pf_benchmark,rrf_lexical,59,1
0.0,190,0.5,1.0,0.2,2,pf_benchmark,rrf_lexical_inductive,59,1
0.0,63,0.0,0.0,0.0,58,pf_benchmark,tfidf,60,2
0.0,236,0.0,0.0,0.0,64,pf_benchmark,bm25,60,2
0.0,63,0.0,0.0,0.0,98,pf_benchmark,lsi,60,2
0.0,63,0.0,0.0,0.0,42,pf_benchmark,lsi_inductive,60,2
1.0,282,1.0,1.0,0.4,1,pf_benchmark,semantic,60,2
1.0,165,1.0,1.0,0.4,1,pf_benchmark,reranker,60,2
0.0,63,0.0,0.0,0.0,59,pf_benchmark,rrf_lexical,60,2
0.0,63,0.0,0.0,0.0,46,pf_benchmark,rrf_lexical_inductive,60,2
1.0,291,1.0,0.2,0.2,1,pf_benchmark,tfidf,61,5
1.0,291,1.0,0.4,0.4,1,pf_benchmark,bm25,61,5
1.0,291,1.0,0.6,0.6,1,pf_benchmark,lsi,61,5
1.0,291,1.0,0.2,0.2,1,pf_benchmark,lsi_inductive,61,5
1.0,291,1.0,0.2,0.2,1,pf_benchmark,semantic,61,5
1.0,291,1.0,0.2,0.2,1,pf_benchmark,reranker,61,5
1.0,291,1.0,0.4,0.4,1,pf_benchmark,rrf_lexical,61,5
1.0,291,1.0,0.2,0.2,1,pf_benchmark,rrf_lexical_inductive,61,5
0.0,30,0.0,0.0,0.0,276,pf_benchmark,tfidf,62,5
0.0,163,0.0,0.0,0.0,127,pf_benchmark,bm25,62,5
0.0,30,0.0,0.0,0.0,167,pf_benchmark,lsi,62,5
0.0,30,0.0,0.0,0.0,156,pf_benchmark,lsi_inductive,62,5
0.0,189,0.0,0.0,0.0,15,pf_benchmark,semantic,62,5
0.0,199,0.0,0.0,0.0,12,pf_benchmark,reranker,62,5
0.0,30,0.0,0.0,0.0,221,pf_benchmark,rrf_lexical,62,5
0.0,30,0.0,0.0,0.0,187,pf_benchmark,rrf_lexical_inductive,62,5
0.0,63,0.3333333333333333,0.3333333333333333,0.2,3,pf_benchmark,tfidf,63,3
0.0,63,0.5,0.3333333333333333,0.2,2,pf_benchmark,bm25,63,3
0.0,63,0.5,0.3333333333333333,0.2,2,pf_benchmark,lsi,63,3
0.0,63,0.0,0.0,0.0,8,pf_benchmark,lsi_inductive,63,3
0.0,185,0.0,0.0,0.0,13,pf_benchmark,semantic,63,3
1.0,188,1.0,0.3333333333333333,0.2,1,pf_benchmark,reranker,63,3
0.0,63,0.5,0.3333333333333333,0.2,2,pf_benchmark,rrf_lexical,63,3
0.0,63,0.3333333333333333,0.3333333333333333,0.2,3,pf_benchmark,rrf_lexical_inductive,63,3
1.0,52,1.0,0.1111111111111111,0.2,1,pf_benchmark,tfidf,64,9
1.0,52,1.0,0.2222222222222222,0.4,1,pf_benchmark,bm25,64,9
1.0,52,1.0,0.1111111111111111,0.2,1,pf_benchmark,lsi,64,9
1.0,52,1.0,0.3333333333333333,0.6,1,pf_benchmark,lsi_inductive,64,9
0.0,144,0.2,0.1111111111111111,0.2,5,pf_benchmark,semantic,64,9
0.0,137,0.2,0.1111111111111111,0.2,5,pf_benchmark,reranker,64,9
1.0,52,1.0,0.1111111111111111,0.2,1,pf_benchmark,rrf_lexical,64,9
1.0,52,1.0,0.2222222222222222,0.4,1,pf_benchmark,rrf_lexical_inductive,64,9
1.0,53,1.0,0.3333333333333333,0.2,1,pf_benchmark,tfidf,65,3
1.0,53,1.0,0.3333333333333333,0.2,1,pf_benchmark,bm25,65,3
1.0,53,1.0,0.6666666666666666,0.4,1,pf_benchmark,lsi,65,3
1.0,53,1.0,0.6666666666666666,0.4,1,pf_benchmark,lsi_inductive,65,3
1.0,53,1.0,0.3333333333333333,0.2,1,pf_benchmark,semantic,65,3
1.0,53,1.0,0.6666666666666666,0.4,1,pf_benchmark,reranker,65,3
1.0,53,1.0,0.6666666666666666,0.4,1,pf_benchmark,rrf_lexical,65,3
1.0,53,1.0,0.6666666666666666,0.4,1,pf_benchmark,rrf_lexical_inductive,65,3
1.0,72,1.0,0.3333333333333333,0.2,1,pf_benchmark,tfidf,66,3
1.0,72,1.0,0.3333333333333333,0.2,1,pf_benchmark,bm25,66,3
1.0,72,1.0,0.3333333333333333,0.2,1,pf_benchmark,lsi,66,3
1.0,72,1.0,0.3333333333333333,0.2,1,pf_benchmark,lsi_inductive,66,3
0.0,276,0.5,0.3333333333333333,0.2,2,pf_benchmark,semantic,66,3
1.0,72,1.0,0.3333333333333333,0.2,1,pf_benchmark,reranker,66,3
1.0,72,1.0,0.3333333333333333,0.2,1,pf_benchmark,rrf_lexical,66,3
1.0,72,1.0,0.3333333333333333,0.2,1,pf_benchmark,rrf_lexical_inductive,66,3
1.0,114,1.0,1.0,0.2,1,pf_benchmark,tfidf,67,1
0.0,248,0.3333333333333333,1.0,0.2,3,pf_benchmark,bm25,67,1
0.0,119,0.5,1.0,0.2,2,pf_benchmark,lsi,67,1
1.0,114,1.0,1.0,0.2,1,pf_benchmark,lsi_inductive,67,1
1.0,114,1.0,1.0,0.2,1,pf_benchmark,semantic,67,1
1.0,114,1.0,1.0,0.2,1,pf_benchmark,reranker,67,1
1.0,114,1.0,1.0,0.2,1,pf_benchmark,rrf_lexical,67,1
1.0,114,1.0,1.0,0.2,1,pf_benchmark,rrf_lexical_inductive,67,1
0.0,154,0.0,0.0,0.0,37,pf_benchmark,tfidf,68,9
0.0,154,0.0,0.0,0.0,33,pf_benchmark,bm25,68,9
0.0,273,0.0,0.0,0.0,50,pf_benchmark,lsi,68,9
0.0,273,0.0,0.0,0.0,34,pf_benchmark,lsi_inductive,68,9
0.0,296,0.0,0.0,0.0,16,pf_benchmark,semantic,68,9
0.0,273,0.0,0.0,0.0,19,pf_benchmark,reranker,68,9
0.0,154,0.0,0.0,0.0,34,pf_benchmark,rrf_lexical,68,9
0.0,154,0.0,0.0,0.0,33,pf_benchmark,rrf_lexical_inductive,68,9
0.0,222,0.0,0.0,0.0,35,pf_benchmark,tfidf,69,5
0.0,222,0.0,0.0,0.0,37,pf_benchmark,bm25,69,5
0.0,222,0.0,0.0,0.0,71,pf_benchmark,lsi,69,5
0.0,222,0.0,0.0,0.0,36,pf_benchmark,lsi_inductive,69,5
0.0,296,0.0,0.0,0.0,110,pf_benchmark,semantic,69,5
0.0,125,0.0,0.0,0.0,88,pf_benchmark,reranker,69,5
0.0,222,0.0,0.0,0.0,36,pf_benchmark,rrf_lexical,69,5
0.0,222,0.0,0.0,0.0,35,pf_benchmark,rrf_lexical_inductive,69,5
1.0,73,1.0,0.375,0.6,1,pf_benchmark,tfidf,70,8
0.0,93,0.5,0.5,0.8,2,pf_benchmark,bm25,70,8
1.0,73,1.0,0.375,0.6,1,pf_benchmark,lsi,70,8
0.0,93,0.5,0.25,0.4,2,pf_benchmark,lsi_inductive,70,8
1.0,97,1.0,0.375,0.6,1,pf_benchmark,semantic,70,8
1.0,97,1.0,0.375,0.6,1,pf_benchmark,reranker,70,8
1.0,73,1.0,0.375,0.6,1,pf_benchmark,rrf_lexical,70,8
0.0,93,0.5,0.5,0.8,2,pf_benchmark,rrf_lexical_inductive,70,8
0.0,73,0.25,0.3333333333333333,0.2,4,pf_benchmark,tfidf,71,3
1.0,157,1.0,0.3333333333333333,0.2,1,pf_benchmark,bm25,71,3
0.0,73,0.25,0.3333333333333333,0.2,4,pf_benchmark,lsi,71,3
0.0,73,0.0,0.0,0.0,6,pf_benchmark,lsi_inductive,71,3
0.0,73,0.5,0.3333333333333333,0.2,2,pf_benchmark,semantic,71,3
1.0,157,1.0,1.0,0.6,1,pf_benchmark,reranker,71,3
0.0,73,0.5,0.3333333333333333,0.2,2,pf_benchmark,rrf_lexical,71,3
0.0,73,0.0,0.0,0.0,7,pf_benchmark,rrf_lexical_inductive,71,3
1.0,215,1.0,0.1,0.2,1,pf_benchmark,tfidf,72,10
1.0,215,1.0,0.2,0.4,1,pf_benchmark,bm25,72,10
0.0,222,0.5,0.2,0.4,2,pf_benchmark,lsi,72,10
0.0,146,0.0,0.0,0.0,6,pf_benchmark,lsi_inductive,72,10
0.0,161,0.0,0.0,0.0,8,pf_benchmark,semantic,72,10
0.0,170,0.3333333333333333,0.1,0.2,3,pf_benchmark,reranker,72,10
1.0,215,1.0,0.1,0.2,1,pf_benchmark,rrf_lexical,72,10
0.0,146,0.5,0.1,0.2,2,pf_benchmark,rrf_lexical_inductive,72,10
1.0,196,1.0,0.25,0.2,1,pf_benchmark,tfidf,73,4
0.0,59,0.5,0.25,0.2,2,pf_benchmark,bm25,73,4
1.0,196,1.0,0.25,0.2,1,pf_benchmark,lsi,73,4
0.0,68,0.5,0.25,0.2,2,pf_benchmark,lsi_inductive,73,4
1.0,196,1.0,0.5,0.4,1,pf_benchmark,semantic,73,4
0.0,147,0.0,0.0,0.0,7,pf_benchmark,reranker,73,4
1.0,196,1.0,0.25,0.2,1,pf_benchmark,rrf_lexical,73,4
1.0,196,1.0,0.25,0.2,1,pf_benchmark,rrf_lexical_inductive,73,4
0.0,225,0.25,0.09090909090909091,0.2,4,pf_benchmark,tfidf,74,11
0.0,115,0.0,0.0,0.0,10,pf_benchmark,bm25,74,11
0.0,225,0.25,0.09090909090909091,0.2,4,pf_benchmark,lsi,74,11
0.0,225,0.0,0.0,0.0,6,pf_benchmark,lsi_inductive,74,11
1.0,77,1.0,0.2727272727272727,0.6,1,pf_benchmark,semantic,74,11
1.0,81,1.0,0.2727272727272727,0.6,1,pf_benchmark,reranker,74,11
0.0,225,0.0,0.0,0.0,6,pf_benchmark,rrf_lexical,74,11
0.0,225,0.0,0.0,0.0,8,pf_benchmark,rrf_lexical_inductive,74,11
1.0,116,1.0,0.375,0.6,1,pf_benchmark,tfidf,75,8
1.0,118,1.0,0.5,0.8,1,pf_benchmark,bm25,75,8
1.0,116,1.0,0.625,1.0,1,pf_benchmark,lsi,75,8
1.0,116,1.0,0.375,0.6,1,pf_benchmark,lsi_inductive,75,8
1.0,118,1.0,0.25,0.4,1,pf_benchmark,semantic,75,8
1.0,116,1.0,0.625,1.0,1,pf_benchmark,reranker,75,8
1.0,116,1.0,0.5,0.8,1,pf_benchmark,rrf_lexical,75,8
1.0,116,1.0,0.5,0.8,1,pf_benchmark,rrf_lexical_inductive,75,8
1.0,14,1.0,0.2,0.2,1,pf_benchmark,tfidf,76,5
1.0,14,1.0,0.4,0.4,1,pf_benchmark,bm25,76,5
1.0,14,1.0,0.4,0.4,1,pf_benchmark,lsi,76,5
1.0,14,1.0,0.4,0.4,1,pf_benchmark,lsi_inductive,76,5
1.0,14,1.0,0.4,0.4,1,pf_benchmark,semantic,76,5
1.0,14,1.0,0.4,0.4,1,pf_benchmark,reranker,76,5
1.0,14,1.0,0.4,0.4,1,pf_benchmark,rrf_lexical,76,5
1.0,14,1.0,0.4,0.4,1,pf_benchmark,rrf_lexical_inductive,76,5
1.0,4,1.0,0.375,0.6,1,pf_benchmark,tfidf,77,8
1.0,4,1.0,0.25,0.4,1,pf_benchmark,bm25,77,8
1.0,4,1.0,0.375,0.6,1,pf_benchmark,lsi,77,8
1.0,4,1.0,0.25,0.4,1,pf_benchmark,lsi_inductive,77,8
1.0,4,1.0,0.5,0.8,1,pf_benchmark,semantic,77,8
1.0,4,1.0,0.375,0.6,1,pf_benchmark,reranker,77,8
1.0,4,1.0,0.375,0.6,1,pf_benchmark,rrf_lexical,77,8
1.0,4,1.0,0.25,0.4,1,pf_benchmark,rrf_lexical_inductive,77,8
1.0,227,1.0,0.2,0.2,1,pf_benchmark,tfidf,78,5
1.0,227,1.0,0.2,0.2,1,pf_benchmark,bm25,78,5
1.0,227,1.0,0.2,0.2,1,pf_benchmark,lsi,78,5
1.0,227,1.0,0.2,0.2,1,pf_benchmark,lsi_inductive,78,5
0.0,226,0.0,0.0,0.0,8,pf_benchmark,semantic,78,5
0.0,226,0.3333333333333333,0.2,0.2,3,pf_benchmark,reranker,78,5
1.0,227,1.0,0.2,0.2,1,pf_benchmark,rrf_lexical,78,5
1.0,227,1.0,0.2,0.2,1,pf_benchmark,rrf_lexical_inductive,78,5
0.0,152,0.0,0.0,0.0,16,pf_benchmark,tfidf,79,14
0.0,147,0.0,0.0,0.0,8,pf_benchmark,bm25,79,14
0.0,152,0.0,0.0,0.0,15,pf_benchmark,lsi,79,14
0.0,152,0.0,0.0,0.0,33,pf_benchmark,lsi_inductive,79,14
1.0,77,1.0,0.14285714285714285,0.4,1,pf_benchmark,semantic,79,14
1.0,79,1.0,0.2857142857142857,0.8,1,pf_benchmark,reranker,79,14
0.0,152,0.0,0.0,0.0,19,pf_benchmark,rrf_lexical,79,14
0.0,152,0.0,0.0,0.0,18,pf_benchmark,rrf_lexical_inductive,79,14
1.0,243,1.0,0.125,0.2,1,pf_benchmark,tfidf,80,8
1.0,243,1.0,0.125,0.2,1,pf_benchmark,bm25,80,8
1.0,243,1.0,0.125,0.2,1,pf_benchmark,lsi,80,8
0.0,20,0.0,0.0,0.0,6,pf_benchmark,lsi_inductive,80,8
1.0,243,1.0,0.125,0.2,1,pf_benchmark,semantic,80,8
1.0,243,1.0,0.125,0.2,1,pf_benchmark,reranker,80,8
1.0,243,1.0,0.125,0.2,1,pf_benchmark,rrf_lexical,80,8
0.0,20,0.5,0.125,0.2,2,pf_benchmark,rrf_lexical_inductive,80,8
0.0,63,0.0,0.0,0.0,80,pf_benchmark,tfidf,81,2
0.0,167,0.0,0.0,0.0,161,pf_benchmark,bm25,81,2
0.0,63,0.0,0.0,0.0,194,pf_benchmark,lsi,81,2
0.0,63,0.0,0.0,0.0,101,pf_benchmark,lsi_inductive,81,2
1.0,226,1.0,0.5,0.2,1,pf_benchmark,semantic,81,2
0.0,20,0.25,0.5,0.2,4,pf_benchmark,reranker,81,2
0.0,63,0.0,0.0,0.0,173,pf_benchmark,rrf_lexical,81,2
0.0,63,0.0,0.0,0.0,131,pf_benchmark,rrf_lexical_inductive,81,2
0.0,291,0.0,0.0,0.0,6,pf_benchmark,tfidf,82,4
0.0,291,0.0,0.0,0.0,10,pf_benchmark,bm25,82,4
0.0,291,0.0,0.0,0.0,19,pf_benchmark,lsi,82,4
0.0,291,0.0,0.0,0.0,33,pf_benchmark,lsi_inductive,82,4
1.0,128,1.0,0.25,0.2,1,pf_benchmark,semantic,82,4
0.0,100,0.5,0.25,0.2,2,pf_benchmark,reranker,82,4
0.0,291,0.0,0.0,0.0,10,pf_benchmark,rrf_lexical,82,4
0.0,291,0.0,0.0,0.0,13,pf_benchmark,rrf_lexical_inductive,82,4
0.0,224,0.5,0.25,0.2,2,pf_benchmark,tfidf,83,4
1.0,31,1.0,0.25,0.2,1,pf_benchmark,bm25,83,4
0.0,224,0.5,0.25,0.2,2,pf_benchmark,lsi,83,4
0.0,224,0.5,0.25,0.2,2,pf_benchmark,lsi_inductive,83,4
0.0,224,0.25,0.25,0.2,4,pf_benchmark,semantic,83,4
0.0,224,0.5,0.25,0.2,2,pf_benchmark,reranker,83,4
0.0,224,0.5,0.25,0.2,2,pf_benchmark,rrf_lexical,83,4
0.0,224,0.5,0.25,0.2,2,pf_benchmark,rrf_lexical_inductive,83,4
0.0,63,0.0,0.0,0.0,72,pf_benchmark,tfidf,84,8
0.0,20,0.0,0.0,0.0,25,pf_benchmark,bm25,84,8
0.0,166,0.0,0.0,0.0,25,pf_benchmark,lsi,84,8
0.0,63,0.0,0.0,0.0,66,pf_benchmark,lsi_inductive,84,8
1.0,131,1.0,0.125,0.2,1,pf_benchmark,semantic,84,8
1.0,131,1.0,0.125,0.2,1,pf_benchmark,reranker,84,8
0.0,63,0.0,0.0,0.0,47,pf_benchmark,rrf_lexical,84,8
0.0,63,0.0,0.0,0.0,72,pf_benchmark,rrf_lexical_inductive,84,8
1.0,272,1.0,0.3333333333333333,0.2,1,pf_benchmark,tfidf,85,3
1.0,272,1.0,0.3333333333333333,0.2,1,pf_benchmark,bm25,85,3
1.0,272,1.0,0.3333333333333333,0.2,1,pf_benchmark,lsi,85,3
1.0,272,1.0,0.3333333333333333,0.2,1,pf_benchmark,lsi_inductive,85,3
1.0,272,1.0,0.3333333333333333,0.2,1,pf_benchmark,semantic,85,3
1.0,272,1.0,0.3333333333333333,0.2,1,pf_benchmark,reranker,85,3
1.0,272,1.0,0.3333333333333333,0.2,1,pf_benchmark,rrf_lexical,85,3
1.0,272,1.0,0.3333333333333333,0.2,1,pf_benchmark,rrf_lexical_inductive,85,3
0.0,49,0.0,0.0,0.0,173,pf_benchmark,tfidf,86,1
0.0,248,0.0,0.0,0.0,51,pf_benchmark,bm25,86,1
0.0,49,0.0,0.0,0.0,112,pf_benchmark,lsi,86,1
0.0,210,0.0,0.0,0.0,154,pf_benchmark,lsi_inductive,86,1
0.0,210,0.0,0.0,0.0,9,pf_benchmark,semantic,86,1
0.0,210,0.0,0.0,0.0,10,pf_benchmark,reranker,86,1
0.0,49,0.0,0.0,0.0,81,pf_benchmark,rrf_lexical,86,1
0.0,49,0.0,0.0,0.0,92,pf_benchmark,rrf_lexical_inductive,86,1
0.0,266,0.0,0.0,0.0,21,pf_benchmark,tfidf,87,1
0.0,272,0.0,0.0,0.0,23,pf_benchmark,bm25,87,1
0.0,226,0.0,0.0,0.0,26,pf_benchmark,lsi,87,1
0.0,226,0.0,0.0,0.0,20,pf_benchmark,lsi_inductive,87,1
0.0,272,0.0,0.0,0.0,159,pf_benchmark,semantic,87,1
0.0,272,0.0,0.0,0.0,38,pf_benchmark,reranker,87,1
0.0,226,0.0,0.0,0.0,22,pf_benchmark,rrf_lexical,87,1
0.0,226,0.0,0.0,0.0,20,pf_benchmark,rrf_lexical_inductive,87,1
1.0,101,1.0,0.8,0.8,1,pf_benchmark,tfidf,88,5
1.0,100,1.0,0.4,0.4,1,pf_benchmark,bm25,88,5
1.0,101,1.0,0.6,0.6,1,pf_benchmark,lsi,88,5
1.0,101,1.0,0.6,0.6,1,pf_benchmark,lsi_inductive,88,5
1.0,99,1.0,0.8,0.8,1,pf_benchmark,semantic,88,5
1.0,100,1.0,0.6,0.6,1,pf_benchmark,reranker,88,5
1.0,101,1.0,0.6,0.6,1,pf_benchmark,rrf_lexical,88,5
1.0,101,1.0,0.6,0.6,1,pf_benchmark,rrf_lexical_inductive,88,5
0.0,14,0.0,0.0,0.0,10,pf_benchmark,tfidf,89,1
0.0,103,0.3333333333333333,1.0,0.2,3,pf_benchmark,bm25,89,1
0.0,101,0.2,1.0,0.2,5,pf_benchmark,lsi,89,1
0.0,103,0.3333333333333333,1.0,0.2,3,pf_benchmark,lsi_inductive,89,1
1.0,102,1.0,1.0,0.2,1,pf_benchmark,semantic,89,1
0.0,103,0.3333333333333333,1.0,0.2,3,pf_benchmark,reranker,89,1
0.0,100,0.2,1.0,0.2,5,pf_benchmark,rrf_lexical,89,1
0.0,103,0.2,1.0,0.2,5,pf_benchmark,rrf_lexical_inductive,89,1
1.0,106,1.0,0.7142857142857143,1.0,1,pf_benchmark,tfidf,90,7
0.0,60,0.5,0.42857142857142855,0.6,2,pf_benchmark,bm25,90,7
1.0,112,1.0,0.5714285714285714,0.8,1,pf_benchmark,lsi,90,7
1.0,110,1.0,0.7142857142857143,1.0,1,pf_benchmark,lsi_inductive,90,7
1.0,112,1.0,0.7142857142857143,1.0,1,pf_benchmark,semantic,90,7
1.0,112,1.0,0.7142857142857143,1.0,1,pf_benchmark,reranker,90,7
1.0,112,1.0,0.5714285714285714,0.8,1,pf_benchmark,rrf_lexical,90,7
1.0,106,1.0,0.5714285714285714,0.8,1,pf_benchmark,rrf_lexical_inductive,90,7
0.0,220,0.5,0.5,0.2,2,pf_benchmark,tfidf,91,2
1.0,57,1.0,0.5,0.2,1,pf_benchmark,bm25,91,2
0.0,220,0.5,0.5,0.2,2,pf_benchmark,lsi,91,2
1.0,57,1.0,0.5,0.2,1,pf_benchmark,lsi_inductive,91,2
1.0,57,1.0,0.5,0.2,1,pf_benchmark,semantic,91,2
1.0,57,1.0,0.5,0.2,1,pf_benchmark,reranker,91,2
1.0,57,1.0,0.5,0.2,1,pf_benchmark,rrf_lexical,91,2
1.0,57,1.0,0.5,0.2,1,pf_benchmark,rrf_lexical_inductive,91,2
1.0,225,1.0,0.1875,0.6,1,pf_benchmark,tfidf,92,16
1.0,225,1.0,0.25,0.8,1,pf_benchmark,bm25,92,16
1.0,228,1.0,0.25,0.8,1,pf_benchmark,lsi,92,16
1.0,228,1.0,0.25,0.8,1,pf_benchmark,lsi_inductive,92,16
0.0,219,0.5,0.0625,0.2,2,pf_benchmark,semantic,92,16
1.0,225,1.0,0.0625,0.2,1,pf_benchmark,reranker,92,16
1.0,225,1.0,0.1875,0.6,1,pf_benchmark,rrf_lexical,92,16
1.0,225,1.0,0.1875,0.6,1,pf_benchmark,rrf_lexical_inductive,92,16
0.0,87,0.0,0.0,0.0,7,pf_benchmark,tfidf,93,8
0.0,86,0.0,0.0,0.0,18,pf_benchmark,bm25,93,8
0.0,86,0.0,0.0,0.0,7,pf_benchmark,lsi,93,8
0.0,86,0.25,0.125,0.2,4,pf_benchmark,lsi_inductive,93,8
0.0,277,0.5,0.125,0.2,2,pf_benchmark,semantic,93,8
1.0,76,1.0,0.125,0.2,1,pf_benchmark,reranker,93,8
0.0,86,0.0,0.0,0.0,9,pf_benchmark,rrf_lexical,93,8
0.0,86,0.0,0.0,0.0,10,pf_benchmark,rrf_lexical_inductive,93,8
