id,text,family
0,"Policy and Procedures. Develop, document, and disseminate to [Assignment: organization-defined personnel or roles]: [Selection: organization-level; mission/business process-level; system-level] access control policy that: Procedures to facilitate the implementation of the access control policy and the associated access controls; Designate an [Assignment: official] to manage the development, documentation, and dissemination of the access control policy and procedures; and Review and update the current access control: Policy [Assignment: frequency] and following [Assignment: events] ; and Procedures [Assignment: frequency] and following [Assignment: events].",Access Control
1,"Account Management. Define and document the types of accounts allowed and specifically prohibited for use within the system; Assign account managers; Require [Assignment: prerequisites and criteria] for group and role membership; Specify: Authorized users of the system; Group and role membership; and Access authorizations (i.e., privileges) and [Assignment: attributes (as required)] for each account; Require approvals by [Assignment: personnel or roles] for requests to create accounts; Create, enable, modify, disable, and remove accounts in accordance with [Assignment: policy, procedures, prerequisites, and criteria]; Monitor the use of accounts; Notify account managers and [Assignment: personnel or roles] within: [Assignment: time period] when accounts are no longer required; [Assignment: time period] when users are terminated or transferred; and [Assignment: time period] when system usage or need-to-know changes for an individual; Authorize access to the system based on: A valid access authorization; Intended system usage; and [Assignment: attributes (as required)]; Review accounts for compliance with account management requirements [Assignment: frequency]; Establish and implement a process for changing shared or group account authenticators (if deployed) when individuals are removed from the group; and Align account management processes with personnel termination and transfer processes.",Access Control
2,Access Enforcement. Enforce approved authorizations for logical access to information and system resources in accordance with applicable access control policies.,Access Control
3,Information Flow Enforcement. Enforce approved authorizations for controlling the flow of information within the system and between connected systems based on [Assignment: information flow control policies].,Access Control
4,Separation of Duties. Identify and document [Assignment: duties of individuals] ; and Define system access authorizations to support separation of duties.,Access Control
5,"Least Privilege. Employ the principle of least privilege, allowing only authorized accesses for users (or processes acting on behalf of users) that are necessary to accomplish assigned organizational tasks.",Access Control
6,Unsuccessful Logon Attempts. Enforce a limit of [Assignment: number] consecutive invalid logon attempts by a user during a [Assignment: time period] ; and Automatically [Selection: lock the account or node for [Assignment: time period] ; lock the account or node until released by an administrator; delay next logon prompt per [Assignment: delay algorithm] ; notify system administrator; take other [Assignment: action] ] when the maximum number of unsuccessful attempts is exceeded.,Access Control
7,"System Use Notification. Display [Assignment: system use notification] to users before granting access to the system that provides privacy and security notices consistent with applicable laws, executive orders, directives, regulations, policies, standards, and guidelines and state that: Users are accessing a U.S. Government system; System usage may be monitored, recorded, and subject to audit; Unauthorized use of the system is prohibited and subject to criminal and civil penalties; and Use of the system indicates consent to monitoring and recording; Retain the notification message or banner on the screen until users acknowledge the usage conditions and take explicit actions to log on to or further access the system; and For publicly accessible systems: Display system use information [Assignment: conditions] , before granting further access to the publicly accessible system; Display references, if any, to monitoring, recording, or auditing that are consistent with privacy accommodations for such systems that generally prohibit those activities; and Include a description of the authorized uses of the system.",Access Control
8,"Previous Logon Notification. Notify the user, upon successful logon to the system, of the date and time of the last logon.",Access Control
9,Concurrent Session Control. Limit the number of concurrent sessions for each [Assignment: account and/or account types] to [Assignment: number].,Access Control
10,Device Lock. Prevent further access to the system by [Selection: initiating a device lock after [Assignment: time period] of inactivity; requiring the user to initiate a device lock before leaving the system unattended] ; and Retain the device lock until the user reestablishes access using established identification and authentication procedures.,Access Control
11,Session Termination. Automatically terminate a user session after [Assignment: conditions or trigger events].,Access Control
12,"Permitted Actions Without Identification or Authentication. Identify [Assignment: user actions] that can be performed on the system without identification or authentication consistent with organizational mission and business functions; and Document and provide supporting rationale in the security plan for the system, user actions not requiring identification or authentication.",Access Control
13,"Security and Privacy Attributes. Provide the means to associate [Assignment: organization-defined types of security and privacy attributes] with [Assignment: organization-defined security and privacy attribute values] for information in storage, in process, and/or in transmission; Ensure that the attribute associations are made and retained with the information; Establish the following permitted security and privacy attributes from the attributes defined in [AC-16a](#ac-16_smt.a) for [Assignment: organization-defined systems]: [Assignment: organization-defined security and privacy attributes]; Determine the following permitted attribute values or ranges for each of the established attributes: [Assignment: attribute values or ranges]; Audit changes to attributes; and Review [Assignment: organization-defined security and privacy attributes] for applicability [Assignment: organization-defined frequency].",Access Control
14,"Remote Access. Establish and document usage restrictions, configuration/connection requirements, and implementation guidance for each type of remote access allowed; and Authorize each type of remote access to the system prior to allowing such connections.",Access Control
15,"Wireless Access. Establish configuration requirements, connection requirements, and implementation guidance for each type of wireless access; and Authorize each type of wireless access to the system prior to allowing such connections.",Access Control
16,"Access Control for Mobile Devices. Establish configuration requirements, connection requirements, and implementation guidance for organization-controlled mobile devices, to include when such devices are outside of controlled areas; and Authorize the connection of mobile devices to organizational systems.",Access Control
17,"Use of External Systems. [Selection: establish [Assignment: terms and conditions] ; identify [Assignment: controls asserted] ] , consistent with the trust relationships established with other organizations owning, operating, and/or maintaining external systems, allowing authorized individuals to: Access the system from external systems; and Process, store, or transmit organization-controlled information using external systems; or Prohibit the use of [Assignment: prohibited types of external systems].",Access Control
18,Information Sharing. Enable authorized users to determine whether access authorizations assigned to a sharing partner match the information’s access and use restrictions for [Assignment: information-sharing circumstances] ; and Employ [Assignment: automated mechanisms] to assist users in making information sharing and collaboration decisions.,Access Control
19,"Publicly Accessible Content. Designate individuals authorized to make information publicly accessible; Train authorized individuals to ensure that publicly accessible information does not contain nonpublic information; Review the proposed content of information prior to posting onto the publicly accessible system to ensure that nonpublic information is not included; and Review the content on the publicly accessible system for nonpublic information [Assignment: frequency] and remove such information, if discovered.",Access Control
20,Data Mining Protection. Employ [Assignment: techniques] for [Assignment: data storage objects] to detect and protect against unauthorized data mining.,Access Control
21,Access Control Decisions. [Selection: establish procedures; implement mechanisms] to ensure [Assignment: access control decisions] are applied to each access request prior to access enforcement.,Access Control
22,"Reference Monitor. Implement a reference monitor for [Assignment: access control policies] that is tamperproof, always invoked, and small enough to be subject to analysis and testing, the completeness of which can be assured.",Access Control
23,"Policy and Procedures. Develop, document, and disseminate to [Assignment: organization-defined personnel or roles]: [Selection: organization-level; mission/business process-level; system-level] awareness and training policy that: Procedures to facilitate the implementation of the awareness and training policy and the associated awareness and training controls; Designate an [Assignment: official] to manage the development, documentation, and dissemination of the awareness and training policy and procedures; and Review and update the current awareness and training: Policy [Assignment: frequency] and following [Assignment: events] ; and Procedures [Assignment: frequency] and following [Assignment: events].",Awareness and Training
24,"Literacy Training and Awareness. Provide security and privacy literacy training to system users (including managers, senior executives, and contractors): As part of initial training for new users and [Assignment: organization-defined frequency] thereafter; and When required by system changes or following [Assignment: organization-defined events]; Employ the following techniques to increase the security and privacy awareness of system users [Assignment: awareness techniques]; Update literacy training and awareness content [Assignment: frequency] and following [Assignment: events] ; and Incorporate lessons learned from internal or external security incidents or breaches into literacy training and awareness techniques.",Awareness and Training
25,"Role-based Training. Provide role-based security and privacy training to personnel with the following roles and responsibilities: [Assignment: organization-defined roles and responsibilities]: Before authorizing access to the system, information, or performing assigned duties, and [Assignment: frequency] thereafter; and When required by system changes; Update role-based training content [Assignment: frequency] and following [Assignment: events] ; and Incorporate lessons learned from internal or external security incidents or breaches into role-based training.",Awareness and Training
26,"Training Records. Document and monitor information security and privacy training activities, including security and privacy awareness training and specific role-based security and privacy training; and Retain individual training records for [Assignment: time period].",Awareness and Training
27,Training Feedback. Provide feedback on organizational training results to the following personnel [Assignment: frequency]: [Assignment: personnel].,Awareness and Training
28,"Policy and Procedures. Develop, document, and disseminate to [Assignment: organization-defined personnel or roles]: [Selection: organization-level; mission/business process-level; system-level] audit and accountability policy that: Procedures to facilitate the implementation of the audit and accountability policy and the associated audit and accountability controls; Designate an [Assignment: official] to manage the development, documentation, and dissemination of the audit and accountability policy and procedures; and Review and update the current audit and accountability: Policy [Assignment: frequency] and following [Assignment: events] ; and Procedures [Assignment: frequency] and following [Assignment: events].",Audit and Accountability
29,Event Logging. Identify the types of events that the system is capable of logging in support of the audit function: [Assignment: event types]; Coordinate the event logging function with other organizational entities requiring audit-related information to guide and inform the selection criteria for events to be logged; Specify the following event types for logging within the system: [Assignment: organization-defined event types (subset of the event types defined in [AU-2a.](#au-2_smt.a)) along with the frequency of (or situation requiring) logging for each identified event type]; Provide a rationale for why the event types selected for logging are deemed to be adequate to support after-the-fact investigations of incidents; and Review and update the event types selected for logging [Assignment: frequency].,Audit and Accountability
30,"Content of Audit Records. Ensure that audit records contain information that establishes the following: What type of event occurred; When the event occurred; Where the event occurred; Source of the event; Outcome of the event; and Identity of any individuals, subjects, or objects/entities associated with the event.",Audit and Accountability
31,Audit Log Storage Capacity. Allocate audit log storage capacity to accommodate [Assignment: audit log retention requirements].,Audit and Accountability
32,Response to Audit Logging Process Failures. Alert [Assignment: personnel or roles] within [Assignment: time period] in the event of an audit logging process failure; and Take the following additional actions: [Assignment: additional actions].,Audit and Accountability
33,"Audit Record Review, Analysis, and Reporting. Review and analyze system audit records [Assignment: frequency] for indications of [Assignment: inappropriate or unusual activity] and the potential impact of the inappropriate or unusual activity; Report findings to [Assignment: personnel or roles] ; and Adjust the level of audit record review, analysis, and reporting within the system when there is a change in risk based on law enforcement information, intelligence information, or other credible sources of information.",Audit and Accountability
34,"Audit Record Reduction and Report Generation. Provide and implement an audit record reduction and report generation capability that: Supports on-demand audit record review, analysis, and reporting requirements and after-the-fact investigations of incidents; and Does not alter the original content or time ordering of audit records.",Audit and Accountability
35,"Time Stamps. Use internal system clocks to generate time stamps for audit records; and Record time stamps for audit records that meet [Assignment: granularity of time measurement] and that use Coordinated Universal Time, have a fixed local time offset from Coordinated Universal Time, or that include the local time offset as part of the time stamp.",Audit and Accountability
36,"Protection of Audit Information. Protect audit information and audit logging tools from unauthorized access, modification, and deletion; and Alert [Assignment: personnel or roles] upon detection of unauthorized access, modification, or deletion of audit information.",Audit and Accountability
37,Non-repudiation. Provide irrefutable evidence that an individual (or process acting on behalf of an individual) has performed [Assignment: actions].,Audit and Accountability
38,Audit Record Retention. Retain audit records for [Assignment: time period] to provide support for after-the-fact investigations of incidents and to meet regulatory and organizational information retention requirements.,Audit and Accountability
39,Audit Record Generation. Provide audit record generation capability for the event types the system is capable of auditing as defined in [AU-2a](#au-2_smt.a) on [Assignment: system components]; Allow [Assignment: personnel or roles] to select the event types that are to be logged by specific components of the system; and Generate audit records for the event types defined in [AU-2c](#au-2_smt.c) that include the audit record content defined in [AU-3](#au-3).,Audit and Accountability
40,Monitoring for Information Disclosure. Monitor [Assignment: open-source information and/or information sites] [Assignment: frequency] for evidence of unauthorized disclosure of organizational information; and If an information disclosure is discovered: Notify [Assignment: personnel or roles] ; and Take the following additional actions: [Assignment: additional actions].,Audit and Accountability
41,"Session Audit. Provide and implement the capability for [Assignment: users or roles] to [Selection: record; view; hear; log] the content of a user session under [Assignment: circumstances] ; and Develop, integrate, and use session auditing activities in consultation with legal counsel and in accordance with applicable laws, executive orders, directives, regulations, policies, standards, and guidelines.",Audit and Accountability
42,Cross-organizational Audit Logging. Employ [Assignment: methods] for coordinating [Assignment: audit information] among external organizations when audit information is transmitted across organizational boundaries.,Audit and Accountability
43,"Policy and Procedures. Develop, document, and disseminate to [Assignment: organization-defined personnel or roles]: [Selection: organization-level; mission/business process-level; system-level] assessment, authorization, and monitoring policy that: Procedures to facilitate the implementation of the assessment, authorization, and monitoring policy and the associated assessment, authorization, and monitoring controls; Designate an [Assignment: official] to manage the development, documentation, and dissemination of the assessment, authorization, and monitoring policy and procedures; and Review and update the current assessment, authorization, and monitoring: Policy [Assignment: frequency] and following [Assignment: events] ; and Procedures [Assignment: frequency] and following [Assignment: events].","Assessment, Authorization, and Monitoring"
44,"Control Assessments. Select the appropriate assessor or assessment team for the type of assessment to be conducted; Develop a control assessment plan that describes the scope of the assessment including: Controls and control enhancements under assessment; Assessment procedures to be used to determine control effectiveness; and Assessment environment, assessment team, and assessment roles and responsibilities; Ensure the control assessment plan is reviewed and approved by the authorizing official or designated representative prior to conducting the assessment; Assess the controls in the system and its environment of operation [Assignment: assessment frequency] to determine the extent to which the controls are implemented correctly, operating as intended, and producing the desired outcome with respect to meeting established security and privacy requirements; Produce a control assessment report that document the results of the assessment; and Provide the results of the control assessment to [Assignment: individuals or roles].","Assessment, Authorization, and Monitoring"
45,"Information Exchange. Approve and manage the exchange of information between the system and other systems using [Selection: interconnection security agreements; information exchange security agreements; memoranda of understanding or agreement; service level agreements; user agreements; non-disclosure agreements; [Assignment: type of agreement] ]; Document, as part of each exchange agreement, the interface characteristics, security and privacy requirements, controls, and responsibilities for each system, and the impact level of the information communicated; and Review and update the agreements [Assignment: frequency].","Assessment, Authorization, and Monitoring"
46,"Plan of Action and Milestones. Develop a plan of action and milestones for the system to document the planned remediation actions of the organization to correct weaknesses or deficiencies noted during the assessment of the controls and to reduce or eliminate known vulnerabilities in the system; and Update existing plan of action and milestones [Assignment: frequency] based on the findings from control assessments, independent audits or reviews, and continuous monitoring activities.","Assessment, Authorization, and Monitoring"
47,"Authorization. Assign a senior official as the authorizing official for the system; Assign a senior official as the authorizing official for common controls available for inheritance by organizational systems; Ensure that the authorizing official for the system, before commencing operations: Accepts the use of common controls inherited by the system; and Authorizes the system to operate; Ensure that the authorizing official for common controls authorizes the use of those controls for inheritance by organizational systems; Update the authorizations [Assignment: frequency].","Assessment, Authorization, and Monitoring"
48,Continuous Monitoring. Develop a system-level continuous monitoring strategy and implement continuous monitoring in accordance with the organization-level continuous monitoring strategy that includes: Establishing the following system-level metrics to be monitored: [Assignment: system-level metrics]; Establishing [Assignment: frequencies] for monitoring and [Assignment: frequencies] for assessment of control effectiveness; Ongoing control assessments in accordance with the continuous monitoring strategy; Ongoing monitoring of system and organization-defined metrics in accordance with the continuous monitoring strategy; Correlation and analysis of information generated by control assessments and monitoring; Response actions to address results of the analysis of control assessment and monitoring information; and Reporting the security and privacy status of the system to [Assignment: organization-defined personnel or roles] [Assignment: organization-defined frequency].,"Assessment, Authorization, and Monitoring"
49,Penetration Testing. Conduct penetration testing [Assignment: frequency] on [Assignment: system(s) or system components].,"Assessment, Authorization, and Monitoring"
50,"Internal System Connections. Authorize internal connections of [Assignment: system components] to the system; Document, for each internal connection, the interface characteristics, security and privacy requirements, and the nature of the information communicated; Terminate internal system connections after [Assignment: conditions] ; and Review [Assignment: frequency] the continued need for each internal connection.","Assessment, Authorization, and Monitoring"
51,"Policy and Procedures. Develop, document, and disseminate to [Assignment: organization-defined personnel or roles]: [Selection: organization-level; mission/business process-level; system-level] configuration management policy that: Procedures to facilitate the implementation of the configuration management policy and the associated configuration management controls; Designate an [Assignment: official] to manage the development, documentation, and dissemination of the configuration management policy and procedures; and Review and update the current configuration management: Policy [Assignment: frequency] and following [Assignment: events] ; and Procedures [Assignment: frequency] and following [Assignment: events].",Configuration Management
52,"Baseline Configuration. Develop, document, and maintain under configuration control, a current baseline configuration of the system; and Review and update the baseline configuration of the system: [Assignment: frequency]; When required due to [Assignment: circumstances] ; and When system components are installed or upgraded.",Configuration Management
53,Configuration Change Control. Determine and document the types of changes to the system that are configuration-controlled; Review proposed configuration-controlled changes to the system and approve or disapprove such changes with explicit consideration for security and privacy impact analyses; Document configuration change decisions associated with the system; Implement approved configuration-controlled changes to the system; Retain records of configuration-controlled changes to the system for [Assignment: time period]; Monitor and review activities associated with configuration-controlled changes to the system; and Coordinate and provide oversight for configuration change control activities through [Assignment: configuration change control element] that convenes [Selection: [Assignment: frequency] ; when [Assignment: configuration change conditions] ].,Configuration Management
54,Impact Analyses. Analyze changes to the system to determine potential security and privacy impacts prior to change implementation.,Configuration Management
55,"Access Restrictions for Change. Define, document, approve, and enforce physical and logical access restrictions associated with changes to the system.",Configuration Management
56,"Configuration Settings. Establish and document configuration settings for components employed within the system that reflect the most restrictive mode consistent with operational requirements using [Assignment: common secure configurations]; Implement the configuration settings; Identify, document, and approve any deviations from established configuration settings for [Assignment: system components] based on [Assignment: operational requirements] ; and Monitor and control changes to the configuration settings in accordance with organizational policies and procedures.",Configuration Management
57,"Least Functionality. Configure the system to provide only [Assignment: mission-essential capabilities] ; and Prohibit or restrict the use of the following functions, ports, protocols, software, and/or services: [Assignment: organization-defined prohibited or restricted functions, system ports, protocols, software, and/or services].",Configuration Management
58,System Component Inventory. Develop and document an inventory of system components that: Accurately reflects the system; Includes all components within the system; Does not include duplicate accounting of components or components assigned to any other system; Is at the level of granularity deemed necessary for tracking and reporting; and Includes the following information to achieve system component accountability: [Assignment: information] ; and Review and update the system component inventory [Assignment: frequency].,Configuration Management
59,"Configuration Management Plan. Develop, document, and implement a configuration management plan for the system that: Addresses roles, responsibilities, and configuration management processes and procedures; Establishes a process for identifying configuration items throughout the system development life cycle and for managing the configuration of the configuration items; Defines the configuration items for the system and places the configuration items under configuration management; Is reviewed and approved by [Assignment: personnel or roles] ; and Protects the configuration management plan from unauthorized disclosure and modification.",Configuration Management
60,"Software Usage Restrictions. Use software and associated documentation in accordance with contract agreements and copyright laws; Track the use of software and associated documentation protected by quantity licenses to control copying and distribution; and Control and document the use of peer-to-peer file sharing technology to ensure that this capability is not used for the unauthorized distribution, display, performance, or reproduction of copyrighted work.",Configuration Management
61,User-installed Software. Establish [Assignment: policies] governing the installation of software by users; Enforce software installation policies through the following methods: [Assignment: methods] ; and Monitor policy compliance [Assignment: frequency].,Configuration Management
62,"Information Location. Identify and document the location of [Assignment: information] and the specific system components on which the information is processed and stored; Identify and document the users who have access to the system and system components where the information is processed and stored; and Document changes to the location (i.e., system or system components) where the information is processed and stored.",Configuration Management
63,Data Action Mapping. Develop and document a map of system data actions.,Configuration Management
64,Signed Components. Prevent the installation of [Assignment: organization-defined software and firmware components] without verification that the component has been digitally signed using a certificate that is recognized and approved by the organization.,Configuration Management
65,"Policy and Procedures. Develop, document, and disseminate to [Assignment: organization-defined personnel or roles]: [Selection: organization-level; mission/business process-level; system-level] contingency planning policy that: Procedures to facilitate the implementation of the contingency planning policy and the associated contingency planning controls; Designate an [Assignment: official] to manage the development, documentation, and dissemination of the contingency planning policy and procedures; and Review and update the current contingency planning: Policy [Assignment: frequency] and following [Assignment: events] ; and Procedures [Assignment: frequency] and following [Assignment: events].",Contingency Planning
66,"Contingency Plan. Develop a contingency plan for the system that: Identifies essential mission and business functions and associated contingency requirements; Provides recovery objectives, restoration priorities, and metrics; Addresses contingency roles, responsibilities, assigned individuals with contact information; Addresses maintaining essential mission and business functions despite a system disruption, compromise, or failure; Addresses eventual, full system restoration without deterioration of the controls originally planned and implemented; Addresses the sharing of contingency information; and Is reviewed and approved by [Assignment: organization-defined personnel or roles]; Distribute copies of the contingency plan to [Assignment: organization-defined key contingency personnel (identified by name and/or by role) and organizational elements]; Coordinate contingency planning activities with incident handling activities; Review the contingency plan for the system [Assignment: frequency]; Update the contingency plan to address changes to the organization, system, or environment of operation and problems encountered during contingency plan implementation, execution, or testing; Communicate contingency plan changes to [Assignment: organization-defined key contingency personnel (identified by name and/or by role) and organizational elements]; Incorporate lessons learned from contingency plan testing, training, or actual contingency activities into contingency testing and training; and Protect the contingency plan from unauthorized disclosure and modification.",Contingency Planning
67,Contingency Training. Provide contingency training to system users consistent with assigned roles and responsibilities: Within [Assignment: time period] of assuming a contingency role or responsibility; When required by system changes; and [Assignment: frequency] thereafter; and Review and update contingency training content [Assignment: frequency] and following [Assignment: events].,Contingency Planning
68,"Contingency Plan Testing. Test the contingency plan for the system [Assignment: frequency] using the following tests to determine the effectiveness of the plan and the readiness to execute the plan: [Assignment: organization-defined tests]. Review the contingency plan test results; and Initiate corrective actions, if needed.",Contingency Planning
69,"Alternate Storage Site. Establish an alternate storage site, including necessary agreements to permit the storage and retrieval of system backup information; and Ensure that the alternate storage site provides controls equivalent to that of the primary site.",Contingency Planning
70,"Alternate Processing Site. Establish an alternate processing site, including necessary agreements to permit the transfer and resumption of [Assignment: system operations] for essential mission and business functions within [Assignment: time period] when the primary processing capabilities are unavailable; Make available at the alternate processing site, the equipment and supplies required to transfer and resume operations or put contracts in place to support delivery to the site within the organization-defined time period for transfer and resumption; and Provide controls at the alternate processing site that are equivalent to those at the primary site.",Contingency Planning
71,"Telecommunications Services. Establish alternate telecommunications services, including necessary agreements to permit the resumption of [Assignment: system operations] for essential mission and business functions within [Assignment: time period] when the primary telecommunications capabilities are unavailable at either the primary or alternate processing or storage sites.",Contingency Planning
72,"System Backup. Conduct backups of user-level information contained in [Assignment: system components] [Assignment: frequency]; Conduct backups of system-level information contained in the system [Assignment: frequency]; Conduct backups of system documentation, including security- and privacy-related documentation [Assignment: frequency] ; and Protect the confidentiality, integrity, and availability of backup information.",Contingency Planning
73,"System Recovery and Reconstitution. Provide for the recovery and reconstitution of the system to a known state within [Assignment: organization-defined time period consistent with recovery time and recovery point objectives] after a disruption, compromise, or failure.",Contingency Planning
74,Alternate Communications Protocols. Provide the capability to employ [Assignment: alternative communications protocols] in support of maintaining continuity of operations.,Contingency Planning
75,"Safe Mode. When [Assignment: conditions] are detected, enter a safe mode of operation with [Assignment: restrictions].",Contingency Planning
76,Alternative Security Mechanisms. Employ [Assignment: alternative or supplemental security mechanisms] for satisfying [Assignment: security functions] when the primary means of implementing the security function is unavailable or compromised.,Contingency Planning
77,"Policy and Procedures. Develop, document, and disseminate to [Assignment: organization-defined personnel or roles]: [Selection: organization-level; mission/business process-level; system-level] identification and authentication policy that: Procedures to facilitate the implementation of the identification and authentication policy and the associated identification and authentication controls; Designate an [Assignment: official] to manage the development, documentation, and dissemination of the identification and authentication policy and procedures; and Review and update the current identification and authentication: Policy [Assignment: frequency] and following [Assignment: events] ; and Procedures [Assignment: frequency] and following [Assignment: events].",Identification and Authentication
78,Identification and Authentication (Organizational Users). Uniquely identify and authenticate organizational users and associate that unique identification with processes acting on behalf of those users.,Identification and Authentication
79,Device Identification and Authentication. Uniquely identify and authenticate [Assignment: devices and/or types of devices] before establishing a [Selection: local; remote; network] connection.,Identification and Authentication
80,"Identifier Management. Manage system identifiers by: Receiving authorization from [Assignment: personnel or roles] to assign an individual, group, role, service, or device identifier; Selecting an identifier that identifies an individual, group, role, service, or device; Assigning the identifier to the intended individual, group, role, service, or device; and Preventing reuse of identifiers for [Assignment: time period].",Identification and Authentication
81,"Authenticator Management. Manage system authenticators by: Verifying, as part of the initial authenticator distribution, the identity of the individual, group, role, service, or device receiving the authenticator; Establishing initial authenticator content for any authenticators issued by the organization; Ensuring that authenticators have sufficient strength of mechanism for their intended use; Establishing and implementing administrative procedures for initial authenticator distribution, for lost or compromised or damaged authenticators, and for revoking authenticators; Changing default authenticators prior to first use; Changing or refreshing authenticators [Assignment: time period by authenticator type] or when [Assignment: events] occur; Protecting authenticator content from unauthorized disclosure and modification; Requiring individuals to take, and having devices implement, specific controls to protect authenticators; and Changing authenticators for group or role accounts when membership to those accounts changes.",Identification and Authentication
82,Authentication Feedback. Obscure feedback of authentication information during the authentication process to protect the information from possible exploitation and use by unauthorized individuals.,Identification and Authentication
83,"Cryptographic Module Authentication. Implement mechanisms for authentication to a cryptographic module that meet the requirements of applicable laws, executive orders, directives, policies, regulations, standards, and guidelines for such authentication.",Identification and Authentication
84,Identification and Authentication (Non-organizational Users). Uniquely identify and authenticate non-organizational users or processes acting on behalf of non-organizational users.,Identification and Authentication
85,"Service Identification and Authentication. Uniquely identify and authenticate [Assignment: system services and applications] before establishing communications with devices, users, or other services or applications.",Identification and Authentication
86,Adaptive Authentication. Require individuals accessing the system to employ [Assignment: supplemental authentication techniques or mechanisms] under specific [Assignment: circumstances or situations].,Identification and Authentication
87,Re-authentication. Require users to re-authenticate when [Assignment: circumstances or situations].,Identification and Authentication
88,"Identity Proofing. Identity proof users that require accounts for logical access to systems based on appropriate identity assurance level requirements as specified in applicable standards and guidelines; Resolve user identities to a unique individual; and Collect, validate, and verify identity evidence.",Identification and Authentication
89,"Identity Providers and Authorization Servers. Employ identity providers and authorization servers to manage user, device, and non-person entity (NPE) identities, attributes, and access rights supporting authentication and authorization decisions in accordance with [Assignment: policy] using [Assignment: mechanisms].",Identification and Authentication
90,"Policy and Procedures. Develop, document, and disseminate to [Assignment: organization-defined personnel or roles]: [Selection: organization-level; mission/business process-level; system-level] incident response policy that: Procedures to facilitate the implementation of the incident response policy and the associated incident response controls; Designate an [Assignment: official] to manage the development, documentation, and dissemination of the incident response policy and procedures; and Review and update the current incident response: Policy [Assignment: frequency] and following [Assignment: events] ; and Procedures [Assignment: frequency] and following [Assignment: events].",Incident Response
91,Incident Response Training. Provide incident response training to system users consistent with assigned roles and responsibilities: Within [Assignment: time period] of assuming an incident response role or responsibility or acquiring system access; When required by system changes; and [Assignment: frequency] thereafter; and Review and update incident response training content [Assignment: frequency] and following [Assignment: events].,Incident Response
92,Incident Response Testing. Test the effectiveness of the incident response capability for the system [Assignment: frequency] using the following tests: [Assignment: tests].,Incident Response
93,"Incident Handling. Implement an incident handling capability for incidents that is consistent with the incident response plan and includes preparation, detection and analysis, containment, eradication, and recovery; Coordinate incident handling activities with contingency planning activities; Incorporate lessons learned from ongoing incident handling activities into incident response procedures, training, and testing, and implement the resulting changes accordingly; and Ensure the rigor, intensity, scope, and results of incident handling activities are comparable and predictable across the organization.",Incident Response
94,Incident Monitoring. Track and document incidents.,Incident Response
95,Incident Reporting. Require personnel to report suspected incidents to the organizational incident response capability within [Assignment: time period] ; and Report incident information to [Assignment: authorities].,Incident Response
96,"Incident Response Assistance. Provide an incident response support resource, integral to the organizational incident response capability, that offers advice and assistance to users of the system for the handling and reporting of incidents.",Incident Response
97,"Incident Response Plan. Develop an incident response plan that: Provides the organization with a roadmap for implementing its incident response capability; Describes the structure and organization of the incident response capability; Provides a high-level approach for how the incident response capability fits into the overall organization; Meets the unique requirements of the organization, which relate to mission, size, structure, and functions; Defines reportable incidents; Provides metrics for measuring the incident response capability within the organization; Defines the resources and management support needed to effectively maintain and mature an incident response capability; Addresses the sharing of incident information; Is reviewed and approved by [Assignment: personnel or roles] [Assignment: frequency] ; and Explicitly designates responsibility for incident response to [Assignment: entities, personnel, or roles]. Distribute copies of the incident response plan to [Assignment: incident response personnel]; Update the incident response plan to address system and organizational changes or problems encountered during plan implementation, execution, or testing; Communicate incident response plan changes to [Assignment: organization-defined incident response personnel (identified by name and/or by role) and organizational elements] ; and Protect the incident response plan from unauthorized disclosure and modification.",Incident Response
98,Information Spillage Response. Respond to information spills by: Assigning [Assignment: personnel or roles] with responsibility for responding to information spills; Identifying the specific information involved in the system contamination; Alerting [Assignment: personnel or roles] of the information spill using a method of communication not associated with the spill; Isolating the contaminated system or system component; Eradicating the information from the contaminated system or component; Identifying other systems or system components that may have been subsequently contaminated; and Performing the following additional actions: [Assignment: actions].,Incident Response
99,"Policy and Procedures. Develop, document, and disseminate to [Assignment: organization-defined personnel or roles]: [Selection: organization-level; mission/business process-level; system-level] maintenance policy that: Procedures to facilitate the implementation of the maintenance policy and the associated maintenance controls; Designate an [Assignment: official] to manage the development, documentation, and dissemination of the maintenance policy and procedures; and Review and update the current maintenance: Policy [Assignment: frequency] and following [Assignment: events] ; and Procedures [Assignment: frequency] and following [Assignment: events].",Maintenance
100,"Controlled Maintenance. Schedule, document, and review records of maintenance, repair, and replacement on system components in accordance with manufacturer or vendor specifications and/or organizational requirements; Approve and monitor all maintenance activities, whether performed on site or remotely and whether the system or system components are serviced on site or removed to another location; Require that [Assignment: personnel or roles] explicitly approve the removal of the system or system components from organizational facilities for off-site maintenance, repair, or replacement; Sanitize equipment to remove the following information from associated media prior to removal from organizational facilities for off-site maintenance, repair, or replacement: [Assignment: information]; Check all potentially impacted controls to verify that the controls are still functioning properly following maintenance, repair, or replacement actions; and Include the following information in organizational maintenance records: [Assignment: information].",Maintenance
101,"Maintenance Tools. Approve, control, and monitor the use of system maintenance tools; and Review previously approved system maintenance tools [Assignment: frequency].",Maintenance
102,Nonlocal Maintenance. Approve and monitor nonlocal maintenance and diagnostic activities; Allow the use of nonlocal maintenance and diagnostic tools only as consistent with organizational policy and documented in the security plan for the system; Employ strong authentication in the establishment of nonlocal maintenance and diagnostic sessions; Maintain records for nonlocal maintenance and diagnostic activities; and Terminate session and network connections when nonlocal maintenance is completed.,Maintenance
103,Maintenance Personnel. Establish a process for maintenance personnel authorization and maintain a list of authorized maintenance organizations or personnel; Verify that non-escorted personnel performing maintenance on the system possess the required access authorizations; and Designate organizational personnel with required access authorizations and technical competence to supervise the maintenance activities of personnel who do not possess the required access authorizations.,Maintenance
104,Timely Maintenance. Obtain maintenance support and/or spare parts for [Assignment: system components] within [Assignment: time period] of failure.,Maintenance
105,Field Maintenance. Restrict or prohibit field maintenance on [Assignment: systems or system components] to [Assignment: trusted maintenance facilities].,Maintenance
106,"Policy and Procedures. Develop, document, and disseminate to [Assignment: organization-defined personnel or roles]: [Selection: organization-level; mission/business process-level; system-level] media protection policy that: Procedures to facilitate the implementation of the media protection policy and the associated media protection controls; Designate an [Assignment: official] to manage the development, documentation, and dissemination of the media protection policy and procedures; and Review and update the current media protection: Policy [Assignment: frequency] and following [Assignment: events] ; and Procedures [Assignment: frequency] and following [Assignment: events].",Media Protection
107,Media Access. Restrict access to [Assignment: organization-defined types of digital and/or non-digital media] to [Assignment: organization-defined personnel or roles].,Media Protection
108,"Media Marking. Mark system media indicating the distribution limitations, handling caveats, and applicable security markings (if any) of the information; and Exempt [Assignment: types of media exempted from marking] from marking if the media remain within [Assignment: controlled areas].",Media Protection
109,"Media Storage. Physically control and securely store [Assignment: organization-defined types of digital and/or non-digital media] within [Assignment: organization-defined controlled areas] ; and Protect system media types defined in MP-4a until the media are destroyed or sanitized using approved equipment, techniques, and procedures.",Media Protection
110,Media Transport. Protect and control [Assignment: types of system media] during transport outside of controlled areas using [Assignment: organization-defined controls]; Maintain accountability for system media during transport outside of controlled areas; Document activities associated with the transport of system media; and Restrict the activities associated with the transport of system media to authorized personnel.,Media Protection
111,"Media Sanitization. Sanitize [Assignment: organization-defined system media] prior to disposal, release out of organizational control, or release for reuse using [Assignment: organization-defined sanitization techniques and procedures] ; and Employ sanitization mechanisms with the strength and integrity commensurate with the security category or classification of the information.",Media Protection
112,Media Use. [Selection: restrict; prohibit] the use of [Assignment: types of system media] on [Assignment: systems or system components] using [Assignment: controls] ; and Prohibit the use of portable storage devices in organizational systems when such devices have no identifiable owner.,Media Protection
113,Media Downgrading. Establish [Assignment: system media downgrading process] that includes employing downgrading mechanisms with strength and integrity commensurate with the security category or classification of the information; Verify that the system media downgrading process is commensurate with the security category and/or classification level of the information to be removed and the access authorizations of the potential recipients of the downgraded information; Identify [Assignment: system media requiring downgrading] ; and Downgrade the identified system media using the established process.,Media Protection
114,"Policy and Procedures. Develop, document, and disseminate to [Assignment: organization-defined personnel or roles]: [Selection: organization-level; mission/business process-level; system-level] physical and environmental protection policy that: Procedures to facilitate the implementation of the physical and environmental protection policy and the associated physical and environmental protection controls; Designate an [Assignment: official] to manage the development, documentation, and dissemination of the physical and environmental protection policy and procedures; and Review and update the current physical and environmental protection: Policy [Assignment: frequency] and following [Assignment: events] ; and Procedures [Assignment: frequency] and following [Assignment: events].",Physical and Environmental Protection
115,"Physical Access Authorizations. Develop, approve, and maintain a list of individuals with authorized access to the facility where the system resides; Issue authorization credentials for facility access; Review the access list detailing authorized facility access by individuals [Assignment: frequency] ; and Remove individuals from the facility access list when access is no longer required.",Physical and Environmental Protection
116,"Physical Access Control. Enforce physical access authorizations at [Assignment: entry and exit points] by: Verifying individual access authorizations before granting access to the facility; and Controlling ingress and egress to the facility using [Selection: [Assignment: systems or devices] ; guards]; Maintain physical access audit logs for [Assignment: entry or exit points]; Control access to areas within the facility designated as publicly accessible by implementing the following controls: [Assignment: physical access controls]; Escort visitors and control visitor activity [Assignment: circumstances]; Secure keys, combinations, and other physical access devices; Inventory [Assignment: physical access devices] every [Assignment: frequency] ; and Change combinations and keys [Assignment: organization-defined frequency] and/or when keys are lost, combinations are compromised, or when individuals possessing the keys or combinations are transferred or terminated.",Physical and Environmental Protection
117,Access Control for Transmission. Control physical access to [Assignment: system distribution and transmission lines] within organizational facilities using [Assignment: security controls].,Physical and Environmental Protection
118,Access Control for Output Devices. Control physical access to output from [Assignment: output devices] to prevent unauthorized individuals from obtaining the output.,Physical and Environmental Protection
119,Monitoring Physical Access. Monitor physical access to the facility where the system resides to detect and respond to physical security incidents; Review physical access logs [Assignment: frequency] and upon occurrence of [Assignment: events] ; and Coordinate results of reviews and investigations with the organizational incident response capability.,Physical and Environmental Protection
120,Visitor Access Records. Maintain visitor access records to the facility where the system resides for [Assignment: time period]; Review visitor access records [Assignment: frequency] ; and Report anomalies in visitor access records to [Assignment: personnel].,Physical and Environmental Protection
121,Power Equipment and Cabling. Protect power equipment and power cabling for the system from damage and destruction.,Physical and Environmental Protection
122,Emergency Shutoff. Provide the capability of shutting off power to [Assignment: system or individual system components] in emergency situations; Place emergency shutoff switches or devices in [Assignment: location] to facilitate access for authorized personnel; and Protect emergency power shutoff capability from unauthorized activation.,Physical and Environmental Protection
123,Emergency Power. Provide an uninterruptible power supply to facilitate [Selection: an orderly shutdown of the system; transition of the system to long-term alternate power] in the event of a primary power source loss.,Physical and Environmental Protection
124,Emergency Lighting. Employ and maintain automatic emergency lighting for the system that activates in the event of a power outage or disruption and that covers emergency exits and evacuation routes within the facility.,Physical and Environmental Protection
125,Fire Protection. Employ and maintain fire detection and suppression systems that are supported by an independent energy source.,Physical and Environmental Protection
126,Environmental Controls. Maintain [Selection: temperature; humidity; pressure; radiation; [Assignment: environmental control] ] levels within the facility where the system resides at [Assignment: acceptable levels] ; and Monitor environmental control levels [Assignment: frequency].,Physical and Environmental Protection
127,"Water Damage Protection. Protect the system from damage resulting from water leakage by providing master shutoff or isolation valves that are accessible, working properly, and known to key personnel.",Physical and Environmental Protection
128,Delivery and Removal. Authorize and control [Assignment: organization-defined types of system components] entering and exiting the facility; and Maintain records of the system components.,Physical and Environmental Protection
129,Alternate Work Site. Determine and document the [Assignment: alternate work sites] allowed for use by employees; Employ the following controls at alternate work sites: [Assignment: controls]; Assess the effectiveness of controls at alternate work sites; and Provide a means for employees to communicate with information security and privacy personnel in case of incidents.,Physical and Environmental Protection
130,Location of System Components. Position system components within the facility to minimize potential damage from [Assignment: physical and environmental hazards] and to minimize the opportunity for unauthorized access.,Physical and Environmental Protection
131,Information Leakage. Protect the system from information leakage due to electromagnetic signals emanations.,Physical and Environmental Protection
132,Asset Monitoring and Tracking. Employ [Assignment: asset location technologies] to track and monitor the location and movement of [Assignment: assets] within [Assignment: controlled areas].,Physical and Environmental Protection
133,Electromagnetic Pulse Protection. Employ [Assignment: protective measures] against electromagnetic pulse damage for [Assignment: system and system components].,Physical and Environmental Protection
134,"Component Marking. Mark [Assignment: system hardware components] indicating the impact level or classification level of the information permitted to be processed, stored, or transmitted by the hardware component.",Physical and Environmental Protection
135,"Facility Location. Plan the location or site of the facility where the system resides considering physical and environmental hazards; and For existing facilities, consider the physical and environmental hazards in the organizational risk management strategy.",Physical and Environmental Protection
136,"Policy and Procedures. Develop, document, and disseminate to [Assignment: organization-defined personnel or roles]: [Selection: organization-level; mission/business process-level; system-level] planning policy that: Procedures to facilitate the implementation of the planning policy and the associated planning controls; Designate an [Assignment: official] to manage the development, documentation, and dissemination of the planning policy and procedures; and Review and update the current planning: Policy [Assignment: frequency] and following [Assignment: events] ; and Procedures [Assignment: frequency] and following [Assignment: events].",Planning
137,"System Security and Privacy Plans. Develop security and privacy plans for the system that: Are consistent with the organization’s enterprise architecture; Explicitly define the constituent system components; Describe the operational context of the system in terms of mission and business processes; Identify the individuals that fulfill system roles and responsibilities; Identify the information types processed, stored, and transmitted by the system; Provide the security categorization of the system, including supporting rationale; Describe any specific threats to the system that are of concern to the organization; Provide the results of a privacy risk assessment for systems processing personally identifiable information; Describe the operational environment for the system and any dependencies on or connections to other systems or system components; Provide an overview of the security and privacy requirements for the system; Identify any relevant control baselines or overlays, if applicable; Describe the controls in place or planned for meeting the security and privacy requirements, including a rationale for any tailoring decisions; Include risk determinations for security and privacy architecture and design decisions; Include security- and privacy-related activities affecting the system that require planning and coordination with [Assignment: individuals or groups] ; and Are reviewed and approved by the authorizing official or designated representative prior to plan implementation. Distribute copies of the plans and communicate subsequent changes to the plans to [Assignment: personnel or roles]; Review the plans [Assignment: frequency]; Update the plans to address changes to the system and environment of operation or problems identified during plan implementation or control assessments; and Protect the plans from unauthorized disclosure and modification.",Planning
138,"Rules of Behavior. Establish and provide to individuals requiring access to the system, the rules that describe their responsibilities and expected behavior for information and system usage, security, and privacy; Receive a documented acknowledgment from such individuals, indicating that they have read, understand, and agree to abide by the rules of behavior, before authorizing access to information and the system; Review and update the rules of behavior [Assignment: frequency] ; and Require individuals who have acknowledged a previous version of the rules of behavior to read and re-acknowledge [Selection: [Assignment: frequency] ; when the rules are revised or updated].",Planning
139,Concept of Operations. Develop a Concept of Operations (CONOPS) for the system describing how the organization intends to operate the system from the perspective of information security and privacy; and Review and update the CONOPS [Assignment: frequency].,Planning
140,"Security and Privacy Architectures. Develop security and privacy architectures for the system that: Describe the requirements and approach to be taken for protecting the confidentiality, integrity, and availability of organizational information; Describe the requirements and approach to be taken for processing personally identifiable information to minimize privacy risk to individuals; Describe how the architectures are integrated into and support the enterprise architecture; and Describe any assumptions about, and dependencies on, external systems and services; Review and update the architectures [Assignment: frequency] to reflect changes in the enterprise architecture; and Reflect planned architecture changes in security and privacy plans, Concept of Operations (CONOPS), criticality analysis, organizational procedures, and procurements and acquisitions.",Planning
141,Central Management. Centrally manage [Assignment: controls and related processes].,Planning
142,Baseline Selection. Select a control baseline for the system.,Planning
143,Baseline Tailoring. Tailor the selected control baseline by applying specified tailoring actions.,Planning
144,"Information Security Program Plan. Develop and disseminate an organization-wide information security program plan that: Provides an overview of the requirements for the security program and a description of the security program management controls and common controls in place or planned for meeting those requirements; Includes the identification and assignment of roles, responsibilities, management commitment, coordination among organizational entities, and compliance; Reflects the coordination among organizational entities responsible for information security; and Is approved by a senior official with responsibility and accountability for the risk being incurred to organizational operations (including mission, functions, image, and reputation), organizational assets, individuals, other organizations, and the Nation; Review and update the organization-wide information security program plan [Assignment: frequency] and following [Assignment: events] ; and Protect the information security program plan from unauthorized disclosure and modification.",Program Management
145,"Information Security Program Leadership Role. Appoint a senior agency information security officer with the mission and resources to coordinate, develop, implement, and maintain an organization-wide information security program.",Program Management
146,"Information Security and Privacy Resources. Include the resources needed to implement the information security and privacy programs in capital planning and investment requests and document all exceptions to this requirement; Prepare documentation required for addressing information security and privacy programs in capital planning and investment requests in accordance with applicable laws, executive orders, directives, policies, regulations, standards; and Make available for expenditure, the planned information security and privacy resources.",Program Management
147,"Plan of Action and Milestones Process. Implement a process to ensure that plans of action and milestones for the information security, privacy, and supply chain risk management programs and associated organizational systems: Are developed and maintained; Document the remedial information security, privacy, and supply chain risk management actions to adequately respond to risk to organizational operations and assets, individuals, other organizations, and the Nation; and Are reported in accordance with established reporting requirements. Review plans of action and milestones for consistency with the organizational risk management strategy and organization-wide priorities for risk response actions.",Program Management
148,System Inventory. Develop and update [Assignment: frequency] an inventory of organizational systems.,Program Management
149,"Measures of Performance. Develop, monitor, and report on the results of information security and privacy measures of performance.",Program Management
150,"Enterprise Architecture. Develop and maintain an enterprise architecture with consideration for information security, privacy, and the resulting risk to organizational operations and assets, individuals, other organizations, and the Nation.",Program Management
151,"Critical Infrastructure Plan. Address information security and privacy issues in the development, documentation, and updating of a critical infrastructure and key resources protection plan.",Program Management
152,"Risk Management Strategy. Develops a comprehensive strategy to manage: Security risk to organizational operations and assets, individuals, other organizations, and the Nation associated with the operation and use of organizational systems; and Privacy risk to individuals resulting from the authorized processing of personally identifiable information; Implement the risk management strategy consistently across the organization; and Review and update the risk management strategy [Assignment: frequency] or as required, to address organizational changes.",Program Management
153,Authorization Process. Manage the security and privacy state of organizational systems and the environments in which those systems operate through authorization processes; Designate individuals to fulfill specific roles and responsibilities within the organizational risk management process; and Integrate the authorization processes into an organization-wide risk management program.,Program Management
154,"Mission and Business Process Definition. Define organizational mission and business processes with consideration for information security and privacy and the resulting risk to organizational operations, organizational assets, individuals, other organizations, and the Nation; and Determine information protection and personally identifiable information processing needs arising from the defined mission and business processes; and Review and revise the mission and business processes [Assignment: frequency].",Program Management
155,Insider Threat Program. Implement an insider threat program that includes a cross-discipline insider threat incident handling team.,Program Management
156,Security and Privacy Workforce. Establish a security and privacy workforce development and improvement program.,Program Management
157,"Testing, Training, and Monitoring. Implement a process for ensuring that organizational plans for conducting security and privacy testing, training, and monitoring activities associated with organizational systems: Are developed and maintained; and Continue to be executed; and Review testing, training, and monitoring plans for consistency with the organizational risk management strategy and organization-wide priorities for risk response actions.",Program Management
158,"Security and Privacy Groups and Associations. Establish and institutionalize contact with selected groups and associations within the security and privacy communities: To facilitate ongoing security and privacy education and training for organizational personnel; To maintain currency with recommended security and privacy practices, techniques, and technologies; and To share current security and privacy information, including threats, vulnerabilities, and incidents.",Program Management
159,Threat Awareness Program. Implement a threat awareness program that includes a cross-organization information-sharing capability for threat intelligence.,Program Management
160,"Protecting Controlled Unclassified Information on External Systems. Establish policy and procedures to ensure that requirements for the protection of controlled unclassified information that is processed, stored or transmitted on external systems, are implemented in accordance with applicable laws, executive orders, directives, policies, regulations, and standards; and Review and update the policy and procedures [Assignment: organization-defined frequency].",Program Management
161,"Privacy Program Plan. Develop and disseminate an organization-wide privacy program plan that provides an overview of the agency’s privacy program, and: Includes a description of the structure of the privacy program and the resources dedicated to the privacy program; Provides an overview of the requirements for the privacy program and a description of the privacy program management controls and common controls in place or planned for meeting those requirements; Includes the role of the senior agency official for privacy and the identification and assignment of roles of other privacy officials and staff and their responsibilities; Describes management commitment, compliance, and the strategic goals and objectives of the privacy program; Reflects coordination among organizational entities responsible for the different aspects of privacy; and Is approved by a senior official with responsibility and accountability for the privacy risk being incurred to organizational operations (including mission, functions, image, and reputation), organizational assets, individuals, other organizations, and the Nation; and Update the plan [Assignment: frequency] and to address changes in federal privacy laws and policy and organizational changes and problems identified during plan implementation or privacy control assessments.",Program Management
162,"Privacy Program Leadership Role. Appoint a senior agency official for privacy with the authority, mission, accountability, and resources to coordinate, develop, and implement, applicable privacy requirements and manage privacy risks through the organization-wide privacy program.",Program Management
163,Dissemination of Privacy Program Information. Maintain a central resource webpage on the organization’s principal public website that serves as a central source of information about the organization’s privacy program and that: Ensures that the public has access to information about organizational privacy activities and can communicate with its senior agency official for privacy; Ensures that organizational privacy practices and reports are publicly available; and Employs publicly facing email addresses and/or phone lines to enable the public to provide feedback and/or direct questions to privacy offices regarding privacy practices.,Program Management
164,"Accounting of Disclosures. Develop and maintain an accurate accounting of disclosures of personally identifiable information, including: Date, nature, and purpose of each disclosure; and Name and address, or other contact information of the individual or organization to which the disclosure was made; Retain the accounting of disclosures for the length of the time the personally identifiable information is maintained or five years after the disclosure is made, whichever is longer; and Make the accounting of disclosures available to the individual to whom the personally identifiable information relates upon request.",Program Management
165,"Personally Identifiable Information Quality Management. Develop and document organization-wide policies and procedures for: Reviewing for the accuracy, relevance, timeliness, and completeness of personally identifiable information across the information life cycle; Correcting or deleting inaccurate or outdated personally identifiable information; Disseminating notice of corrected or deleted personally identifiable information to individuals or other appropriate entities; and Appeals of adverse decisions on correction or deletion requests.",Program Management
166,Data Governance Body. Establish a Data Governance Body consisting of [Assignment: roles] with [Assignment: responsibilities].,Program Management
167,Data Integrity Board. Establish a Data Integrity Board to: Review proposals to conduct or participate in a matching program; and Conduct an annual review of all matching programs in which the agency has participated.,Program Management
168,"Minimization of Personally Identifiable Information Used in Testing, Training, and Research. Develop, document, and implement policies and procedures that address the use of personally identifiable information for internal testing, training, and research; Limit or minimize the amount of personally identifiable information used for internal testing, training, and research purposes; Authorize the use of personally identifiable information when such information is required for internal testing, training, and research; and Review and update policies and procedures [Assignment: organization-defined frequency].",Program Management
169,"Complaint Management. Implement a process for receiving and responding to complaints, concerns, or questions from individuals about the organizational security and privacy practices that includes: Mechanisms that are easy to use and readily accessible by the public; All information necessary for successfully filing complaints; Tracking mechanisms to ensure all complaints received are reviewed and addressed within [Assignment: organization-defined time period]; Acknowledgement of receipt of complaints, concerns, or questions from individuals within [Assignment: time period] ; and Response to complaints, concerns, or questions from individuals within [Assignment: time period].",Program Management
170,"Privacy Reporting. Develop [Assignment: privacy reports] and disseminate to: [Assignment: oversight bodies] to demonstrate accountability with statutory, regulatory, and policy privacy mandates; and [Assignment: officials] and other personnel with responsibility for monitoring privacy program compliance; and Review and update privacy reports [Assignment: frequency].",Program Management
171,"Risk Framing. Identify and document: Assumptions affecting risk assessments, risk responses, and risk monitoring; Constraints affecting risk assessments, risk responses, and risk monitoring; Priorities and trade-offs considered by the organization for managing risk; and Organizational risk tolerance; Distribute the results of risk framing activities to [Assignment: personnel] ; and Review and update risk framing considerations [Assignment: frequency].",Program Management
172,"Risk Management Program Leadership Roles. Appoint a Senior Accountable Official for Risk Management to align organizational information security and privacy management processes with strategic, operational, and budgetary planning processes; and Establish a Risk Executive (function) to view and analyze risk from an organization-wide perspective and ensure management of risk is consistent across the organization.",Program Management
173,"Supply Chain Risk Management Strategy. Develop an organization-wide strategy for managing supply chain risks associated with the development, acquisition, maintenance, and disposal of systems, system components, and system services; Implement the supply chain risk management strategy consistently across the organization; and Review and update the supply chain risk management strategy on [Assignment: frequency] or as required, to address organizational changes.",Program Management
174,Continuous Monitoring Strategy. Develop an organization-wide continuous monitoring strategy and implement continuous monitoring programs that include: Establishing the following organization-wide metrics to be monitored: [Assignment: metrics]; Establishing [Assignment: monitoring frequencies] and [Assignment: assessment frequencies] for control effectiveness; Ongoing monitoring of organizationally-defined metrics in accordance with the continuous monitoring strategy; Correlation and analysis of information generated by control assessments and monitoring; Response actions to address results of the analysis of control assessment and monitoring information; and Reporting the security and privacy status of organizational systems to [Assignment: organization-defined personnel or roles] [Assignment: organization-defined frequency].,Program Management
175,Purposing. Analyze [Assignment: systems or system components] supporting mission essential services or functions to ensure that the information resources are being used consistent with their intended purpose.,Program Management
176,"Policy and Procedures. Develop, document, and disseminate to [Assignment: organization-defined personnel or roles]: [Selection: organization-level; mission/business process-level; system-level] personnel security policy that: Procedures to facilitate the implementation of the personnel security policy and the associated personnel security controls; Designate an [Assignment: official] to manage the development, documentation, and dissemination of the personnel security policy and procedures; and Review and update the current personnel security: Policy [Assignment: frequency] and following [Assignment: events] ; and Procedures [Assignment: frequency] and following [Assignment: events].",Personnel Security
177,Position Risk Designation. Assign a risk designation to all organizational positions; Establish screening criteria for individuals filling those positions; and Review and update position risk designations [Assignment: frequency].,Personnel Security
178,"Personnel Screening. Screen individuals prior to authorizing access to the system; and Rescreen individuals in accordance with [Assignment: organization-defined conditions requiring rescreening and, where rescreening is so indicated, the frequency of rescreening].",Personnel Security
179,Personnel Termination. Upon termination of individual employment: Disable system access within [Assignment: time period]; Terminate or revoke any authenticators and credentials associated with the individual; Conduct exit interviews that include a discussion of [Assignment: information security topics]; Retrieve all security-related organizational system-related property; and Retain access to organizational information and systems formerly controlled by terminated individual.,Personnel Security
180,Personnel Transfer. Review and confirm ongoing operational need for current logical and physical access authorizations to systems and facilities when individuals are reassigned or transferred to other positions within the organization; Initiate [Assignment: transfer or reassignment actions] within [Assignment: time period following the formal transfer action]; Modify access authorization as needed to correspond with any changes in operational need due to reassignment or transfer; and Notify [Assignment: personnel or roles] within [Assignment: time period].,Personnel Security
181,Access Agreements. Develop and document access agreements for organizational systems; Review and update the access agreements [Assignment: frequency] ; and Verify that individuals requiring access to organizational information and systems: Sign appropriate access agreements prior to being granted access; and Re-sign access agreements to maintain access to organizational systems when access agreements have been updated or [Assignment: frequency].,Personnel Security
182,"External Personnel Security. Establish personnel security requirements, including security roles and responsibilities for external providers; Require external providers to comply with personnel security policies and procedures established by the organization; Document personnel security requirements; Require external providers to notify [Assignment: personnel or roles] of any personnel transfers or terminations of external personnel who possess organizational credentials and/or badges, or who have system privileges within [Assignment: time period] ; and Monitor provider compliance with personnel security requirements.",Personnel Security
183,"Personnel Sanctions. Employ a formal sanctions process for individuals failing to comply with established information security and privacy policies and procedures; and Notify [Assignment: personnel or roles] within [Assignment: time period] when a formal employee sanctions process is initiated, identifying the individual sanctioned and the reason for the sanction.",Personnel Security
184,Position Descriptions. Incorporate security and privacy roles and responsibilities into organizational position descriptions.,Personnel Security
185,"Policy and Procedures. Develop, document, and disseminate to [Assignment: organization-defined personnel or roles]: [Selection: organization-level; mission/business process-level; system-level] personally identifiable information processing and transparency policy that: Procedures to facilitate the implementation of the personally identifiable information processing and transparency policy and the associated personally identifiable information processing and transparency controls; Designate an [Assignment: official] to manage the development, documentation, and dissemination of the personally identifiable information processing and transparency policy and procedures; and Review and update the current personally identifiable information processing and transparency: Policy [Assignment: frequency] and following [Assignment: events] ; and Procedures [Assignment: frequency] and following [Assignment: events].",Personally Identifiable Information Processing and Transparency
186,Authority to Process Personally Identifiable Information. Determine and document the [Assignment: authority] that permits the [Assignment: processing] of personally identifiable information; and Restrict the [Assignment: processing] of personally identifiable information to only that which is authorized.,Personally Identifiable Information Processing and Transparency
187,Personally Identifiable Information Processing Purposes. Identify and document the [Assignment: purpose(s)] for processing personally identifiable information; Describe the purpose(s) in the public privacy notices and policies of the organization; Restrict the [Assignment: processing] of personally identifiable information to only that which is compatible with the identified purpose(s); and Monitor changes in processing personally identifiable information and implement [Assignment: mechanisms] to ensure that any changes are made in accordance with [Assignment: requirements].,Personally Identifiable Information Processing and Transparency
188,Consent. Implement [Assignment: tools or mechanisms] for individuals to consent to the processing of their personally identifiable information prior to its collection that facilitate individuals’ informed decision-making.,Personally Identifiable Information Processing and Transparency
189,"Privacy Notice. Provide notice to individuals about the processing of personally identifiable information that: Is available to individuals upon first interacting with an organization, and subsequently at [Assignment: frequency]; Is clear and easy-to-understand, expressing information about personally identifiable information processing in plain language; Identifies the authority that authorizes the processing of personally identifiable information; Identifies the purposes for which personally identifiable information is to be processed; and Includes [Assignment: information].",Personally Identifiable Information Processing and Transparency
190,"System of Records Notice. For systems that process information that will be maintained in a Privacy Act system of records: Draft system of records notices in accordance with OMB guidance and submit new and significantly modified system of records notices to the OMB and appropriate congressional committees for advance review; Publish system of records notices in the Federal Register; and Keep system of records notices accurate, up-to-date, and scoped in accordance with policy.",Personally Identifiable Information Processing and Transparency
191,Specific Categories of Personally Identifiable Information. Apply [Assignment: processing conditions] for specific categories of personally identifiable information.,Personally Identifiable Information Processing and Transparency
192,"Computer Matching Requirements. When a system or organization processes information for the purpose of conducting a matching program: Obtain approval from the Data Integrity Board to conduct the matching program; Develop and enter into a computer matching agreement; Publish a matching notice in the Federal Register; Independently verify the information produced by the matching program before taking adverse action against an individual, if required; and Provide individuals with notice and an opportunity to contest the findings before taking adverse action against an individual.",Personally Identifiable Information Processing and Transparency
193,"Policy and Procedures. Develop, document, and disseminate to [Assignment: organization-defined personnel or roles]: [Selection: organization-level; mission/business process-level; system-level] risk assessment policy that: Procedures to facilitate the implementation of the risk assessment policy and the associated risk assessment controls; Designate an [Assignment: official] to manage the development, documentation, and dissemination of the risk assessment policy and procedures; and Review and update the current risk assessment: Policy [Assignment: frequency] and following [Assignment: events] ; and Procedures [Assignment: frequency] and following [Assignment: events].",Risk Assessment
194,"Security Categorization. Categorize the system and information it processes, stores, and transmits; Document the security categorization results, including supporting rationale, in the security plan for the system; and Verify that the authorizing official or authorizing official designated representative reviews and approves the security categorization decision.",Risk Assessment
195,"Risk Assessment. Conduct a risk assessment, including: Identifying threats to and vulnerabilities in the system; Determining the likelihood and magnitude of harm from unauthorized access, use, disclosure, disruption, modification, or destruction of the system, the information it processes, stores, or transmits, and any related information; and Determining the likelihood and impact of adverse effects on individuals arising from the processing of personally identifiable information; Integrate risk assessment results and risk management decisions from the organization and mission or business process perspectives with system-level risk assessments; Document risk assessment results in [Selection: security and privacy plans; risk assessment report; [Assignment: document] ]; Review risk assessment results [Assignment: frequency]; Disseminate risk assessment results to [Assignment: personnel or roles] ; and Update the risk assessment [Assignment: frequency] or when there are significant changes to the system, its environment of operation, or other conditions that may impact the security or privacy state of the system.",Risk Assessment
196,"Vulnerability Monitoring and Scanning. Monitor and scan for vulnerabilities in the system and hosted applications [Assignment: organization-defined frequency and/or randomly in accordance with organization-defined process] and when new vulnerabilities potentially affecting the system are identified and reported; Employ vulnerability monitoring tools and techniques that facilitate interoperability among tools and automate parts of the vulnerability management process by using standards for: Enumerating platforms, software flaws, and improper configurations; Formatting checklists and test procedures; and Measuring vulnerability impact; Analyze vulnerability scan reports and results from vulnerability monitoring; Remediate legitimate vulnerabilities [Assignment: response times] in accordance with an organizational assessment of risk; Share information obtained from the vulnerability monitoring process and control assessments with [Assignment: personnel or roles] to help eliminate similar vulnerabilities in other systems; and Employ vulnerability monitoring tools that include the capability to readily update the vulnerabilities to be scanned.",Risk Assessment
197,Technical Surveillance Countermeasures Survey. Employ a technical surveillance countermeasures survey at [Assignment: locations] [Selection: [Assignment: frequency] ; when [Assignment: events or indicators] ].,Risk Assessment
198,"Risk Response. Respond to findings from security and privacy assessments, monitoring, and audits in accordance with organizational risk tolerance.",Risk Assessment
199,"Privacy Impact Assessments. Conduct privacy impact assessments for systems, programs, or other activities before: Developing or procuring information technology that processes personally identifiable information; and Initiating a new collection of personally identifiable information that: Will be processed using information technology; and Includes personally identifiable information permitting the physical or virtual (online) contacting of a specific individual, if identical questions have been posed to, or identical reporting requirements imposed on, ten or more individuals, other than agencies, instrumentalities, or employees of the federal government.",Risk Assessment
200,"Criticality Analysis. Identify critical system components and functions by performing a criticality analysis for [Assignment: systems, system components, or system services] at [Assignment: decision points in the system development life cycle].",Risk Assessment
201,"Threat Hunting. Establish and maintain a cyber threat hunting capability to: Search for indicators of compromise in organizational systems; and Detect, track, and disrupt threats that evade existing controls; and Employ the threat hunting capability [Assignment: frequency].",Risk Assessment
202,"Policy and Procedures. Develop, document, and disseminate to [Assignment: organization-defined personnel or roles]: [Selection: organization-level; mission/business process-level; system-level] system and services acquisition policy that: Procedures to facilitate the implementation of the system and services acquisition policy and the associated system and services acquisition controls; Designate an [Assignment: official] to manage the development, documentation, and dissemination of the system and services acquisition policy and procedures; and Review and update the current system and services acquisition: Policy [Assignment: frequency] and following [Assignment: events] ; and Procedures [Assignment: frequency] and following [Assignment: events].",System and Services Acquisition
203,"Allocation of Resources. Determine the high-level information security and privacy requirements for the system or system service in mission and business process planning; Determine, document, and allocate the resources required to protect the system or system service as part of the organizational capital planning and investment control process; and Establish a discrete line item for information security and privacy in organizational programming and budgeting documentation.",System and Services Acquisition
204,"System Development Life Cycle. Acquire, develop, and manage the system using [Assignment: system-development life cycle] that incorporates information security and privacy considerations; Define and document information security and privacy roles and responsibilities throughout the system development life cycle; Identify individuals having information security and privacy roles and responsibilities; and Integrate the organizational information security and privacy risk management process into system development life cycle activities.",System and Services Acquisition
205,"Acquisition Process. Include the following requirements, descriptions, and criteria, explicitly or by reference, using [Selection: standardized contract language; [Assignment: contract language] ] in the acquisition contract for the system, system component, or system service: Security and privacy functional requirements; Strength of mechanism requirements; Security and privacy assurance requirements; Controls needed to satisfy the security and privacy requirements. Security and privacy documentation requirements; Requirements for protecting security and privacy documentation; Description of the system development environment and environment in which the system is intended to operate; Allocation of responsibility or identification of parties responsible for information security, privacy, and supply chain risk management; and Acceptance criteria.",System and Services Acquisition
206,"System Documentation. Obtain or develop administrator documentation for the system, system component, or system service that describes: Secure configuration, installation, and operation of the system, component, or service; Effective use and maintenance of security and privacy functions and mechanisms; and Known vulnerabilities regarding configuration and use of administrative or privileged functions; Obtain or develop user documentation for the system, system component, or system service that describes: User-accessible security and privacy functions and mechanisms and how to effectively use those functions and mechanisms; Methods for user interaction, which enables individuals to use the system, component, or service in a more secure manner and protect individual privacy; and User responsibilities in maintaining the security of the system, component, or service and privacy of individuals; Document attempts to obtain system, system component, or system service documentation when such documentation is either unavailable or nonexistent and take [Assignment: actions] in response; and Distribute documentation to [Assignment: personnel or roles].",System and Services Acquisition
207,"Security and Privacy Engineering Principles. Apply the following systems security and privacy engineering principles in the specification, design, development, implementation, and modification of the system and system components: [Assignment: organization-defined systems security and privacy engineering principles].",System and Services Acquisition
208,"External System Services. Require that providers of external system services comply with organizational security and privacy requirements and employ the following controls: [Assignment: controls]; Define and document organizational oversight and user roles and responsibilities with regard to external system services; and Employ the following processes, methods, and techniques to monitor control compliance by external service providers on an ongoing basis: [Assignment: processes, methods, and techniques].",System and Services Acquisition
209,"Developer Configuration Management. Require the developer of the system, system component, or system service to: Perform configuration management during system, component, or service [Selection: design; development; implementation; operation; disposal]; Document, manage, and control the integrity of changes to [Assignment: configuration items]; Implement only organization-approved changes to the system, component, or service; Document approved changes to the system, component, or service and the potential security and privacy impacts of such changes; and Track security flaws and flaw resolution within the system, component, or service and report findings to [Assignment: personnel].",System and Services Acquisition
210,"Developer Testing and Evaluation. Require the developer of the system, system component, or system service, at all post-design stages of the system development life cycle, to: Develop and implement a plan for ongoing security and privacy control assessments; Perform [Selection: unit; integration; system; regression] testing/evaluation [Assignment: frequency to conduct] at [Assignment: depth and coverage]; Produce evidence of the execution of the assessment plan and the results of the testing and evaluation; Implement a verifiable flaw remediation process; and Correct flaws identified during testing and evaluation.",System and Services Acquisition
211,"Development Process, Standards, and Tools. Require the developer of the system, system component, or system service to follow a documented development process that: Explicitly addresses security and privacy requirements; Identifies the standards and tools used in the development process; Documents the specific tool options and tool configurations used in the development process; and Documents, manages, and ensures the integrity of changes to the process and/or tools used in development; and Review the development process, standards, tools, tool options, and tool configurations [Assignment: frequency] to determine if the process, standards, tools, tool options and tool configurations selected and employed can satisfy the following security and privacy requirements: [Assignment: organization-defined security and privacy requirements].",System and Services Acquisition
212,"Developer-provided Training. Require the developer of the system, system component, or system service to provide the following training on the correct use and operation of the implemented security and privacy functions, controls, and/or mechanisms: [Assignment: training].",System and Services Acquisition
213,"Developer Security and Privacy Architecture and Design. Require the developer of the system, system component, or system service to produce a design specification and security and privacy architecture that: Is consistent with the organization’s security and privacy architecture that is an integral part the organization’s enterprise architecture; Accurately and completely describes the required security and privacy functionality, and the allocation of controls among physical and logical components; and Expresses how individual security and privacy functions, mechanisms, and services work together to provide required security and privacy capabilities and a unified approach to protection.",System and Services Acquisition
214,Customized Development of Critical Components. Reimplement or custom develop the following critical system components: [Assignment: critical system].,System and Services Acquisition
215,"Developer Screening. Require that the developer of [Assignment: system, systems component, or system service]: Has appropriate access authorizations as determined by assigned [Assignment: official government duties] ; and Satisfies the following additional personnel screening criteria: [Assignment: additional personnel screening criteria].",System and Services Acquisition
216,"Unsupported System Components. Replace system components when support for the components is no longer available from the developer, vendor, or manufacturer; or Provide the following options for alternative sources for continued support for unsupported components [Selection: in-house support; [Assignment: support from external providers] ].",System and Services Acquisition
217,Specialization. Employ [Selection: design modification; augmentation; reconfiguration] on [Assignment: systems or system components] supporting mission essential services or functions to increase the trustworthiness in those systems or components.,System and Services Acquisition
218,"Design For Cyber Resiliency. Design organizational systems, system components, or system services to achieve cyber resiliency by: Defining the following cyber resiliency goals: [Assignment: cyber resiliency goals]. Defining the following cyber resiliency objectives: [Assignment: cyber resiliency objectives]. Defining the following cyber resiliency techniques: [Assignment: cyber resiliency techniques]. Defining the following cyber resiliency implementation approaches: [Assignment: cyber resiliency implementation approaches]. Defining the following cyber resiliency design principles: [Assignment: cyber resiliency design principles]. Implement the selected cyber resiliency goals, objectives, techniques, implementation approaches, and design principles as part of an organizational risk management process or systems security engineering process.",System and Services Acquisition
219,"Policy and Procedures. Develop, document, and disseminate to [Assignment: organization-defined personnel or roles]: [Selection: organization-level; mission/business-process-level; system-level] system and communications protection policy that: Procedures to facilitate the implementation of the system and communications protection policy and the associated system and communications protection controls; Designate an [Assignment: official] to manage the development, documentation, and dissemination of the system and communications protection policy and procedures; and Review and update the current system and communications protection: Policy [Assignment: frequency] and following [Assignment: events] ; and Procedures [Assignment: frequency] and following [Assignment: events].",System and Communications Protection
220,"Separation of System and User Functionality. Separate user functionality, including user interface services, from system management functionality.",System and Communications Protection
221,Security Function Isolation. Isolate security functions from nonsecurity functions.,System and Communications Protection
222,Information in Shared System Resources. Prevent unauthorized and unintended information transfer via shared system resources.,System and Communications Protection
223,Denial-of-service Protection. [Selection: protect against; limit] the effects of the following types of denial-of-service events: [Assignment: types of denial-of-service events] ; and Employ the following controls to achieve the denial-of-service objective: [Assignment: controls by type of denial-of-service event].,System and Communications Protection
224,Resource Availability. Protect the availability of resources by allocating [Assignment: resources] by [Selection: priority; quota; [Assignment: controls] ].,System and Communications Protection
225,Boundary Protection. Monitor and control communications at the external managed interfaces to the system and at key internal managed interfaces within the system; Implement subnetworks for publicly accessible system components that are [Selection: physically; logically] separated from internal organizational networks; and Connect to external networks or systems only through managed interfaces consisting of boundary protection devices arranged in accordance with an organizational security and privacy architecture.,System and Communications Protection
226,Transmission Confidentiality and Integrity. Protect the [Selection: confidentiality; integrity] of transmitted information.,System and Communications Protection
227,Network Disconnect. Terminate the network connection associated with a communications session at the end of the session or after [Assignment: time period] of inactivity.,System and Communications Protection
228,"Trusted Path. Provide a [Selection: physically; logically] isolated trusted communications path for communications between the user and the trusted components of the system; and Permit users to invoke the trusted communications path for communications between the user and the following security functions of the system, including at a minimum, authentication and re-authentication: [Assignment: security functions].",System and Communications Protection
229,Cryptographic Key Establishment and Management. Establish and manage cryptographic keys when cryptography is employed within the system in accordance with the following key management requirements: [Assignment: requirements].,System and Communications Protection
230,Cryptographic Protection. Determine the [Assignment: cryptographic uses] ; and Implement the following types of cryptography required for each specified cryptographic use: [Assignment: types of cryptography].,System and Communications Protection
231,Collaborative Computing Devices and Applications. Prohibit remote activation of collaborative computing devices and applications with the following exceptions: [Assignment: exceptions where remote activation is to be allowed] ; and Provide an explicit indication of use to users physically present at the devices.,System and Communications Protection
232,Transmission of Security and Privacy Attributes. Associate [Assignment: organization-defined security and privacy attributes] with information exchanged between systems and between system components.,System and Communications Protection
233,Public Key Infrastructure Certificates. Issue public key certificates under an [Assignment: certificate policy] or obtain public key certificates from an approved service provider; and Include only approved trust anchors in trust stores or certificate stores managed by the organization.,System and Communications Protection
234,"Mobile Code. Define acceptable and unacceptable mobile code and mobile code technologies; and Authorize, monitor, and control the use of mobile code within the system.",System and Communications Protection
235,"Secure Name/Address Resolution Service (Authoritative Source). Provide additional data origin authentication and integrity verification artifacts along with the authoritative name resolution data the system returns in response to external name/address resolution queries; and Provide the means to indicate the security status of child zones and (if the child supports secure resolution services) to enable verification of a chain of trust among parent and child domains, when operating as part of a distributed, hierarchical namespace.",System and Communications Protection
236,Secure Name/Address Resolution Service (Recursive or Caching Resolver). Request and perform data origin authentication and data integrity verification on the name/address resolution responses the system receives from authoritative sources.,System and Communications Protection
237,Architecture and Provisioning for Name/Address Resolution Service. Ensure the systems that collectively provide name/address resolution service for an organization are fault-tolerant and implement internal and external role separation.,System and Communications Protection
238,Session Authenticity. Protect the authenticity of communications sessions.,System and Communications Protection
239,Fail in Known State. Fail to a [Assignment: known system state] for the following failures on the indicated components while preserving [Assignment: system state information] in failure: [Assignment: types of system failures on system components].,System and Communications Protection
240,Thin Nodes. Employ minimal functionality and information storage on the following system components: [Assignment: system components].,System and Communications Protection
241,"Decoys. Include components within organizational systems specifically designed to be the target of malicious attacks for detecting, deflecting, and analyzing such attacks.",System and Communications Protection
242,Platform-independent Applications. Include within organizational systems the following platform independent applications: [Assignment: platform-independent applications].,System and Communications Protection
243,Protection of Information at Rest. Protect the [Selection: confidentiality; integrity] of the following information at rest: [Assignment: information at rest].,System and Communications Protection
244,Heterogeneity. Employ a diverse set of information technologies for the following system components in the implementation of the system: [Assignment: system components].,System and Communications Protection
245,Concealment and Misdirection. Employ the following concealment and misdirection techniques for [Assignment: systems] at [Assignment: time periods] to confuse and mislead adversaries: [Assignment: concealment and misdirection techniques].,System and Communications Protection
246,Covert Channel Analysis. Perform a covert channel analysis to identify those aspects of communications within the system that are potential avenues for covert [Selection: storage; timing] channels; and Estimate the maximum bandwidth of those channels.,System and Communications Protection
247,System Partitioning. Partition the system into [Assignment: system components] residing in separate [Selection: physical; logical] domains or environments based on [Assignment: circumstances for the physical or logical separation of components].,System and Communications Protection
248,"Non-modifiable Executable Programs. For [Assignment: system components] , load and execute: The operating environment from hardware-enforced, read-only media; and The following applications from hardware-enforced, read-only media: [Assignment: applications].",System and Communications Protection
249,External Malicious Code Identification. Include system components that proactively seek to identify network-based malicious code or malicious websites.,System and Communications Protection
250,Distributed Processing and Storage. Distribute the following processing and storage components across multiple [Selection: physical locations; logical domains]: [Assignment: organization-defined processing and storage components].,System and Communications Protection
251,"Out-of-band Channels. Employ the following out-of-band channels for the physical delivery or electronic transmission of [Assignment: information, system components, or devices] to [Assignment: individuals or systems]: [Assignment: out-of-band channels].",System and Communications Protection
252,Operations Security. Employ the following operations security controls to protect key organizational information throughout the system development life cycle: [Assignment: operations security controls].,System and Communications Protection
253,Process Isolation. Maintain a separate execution domain for each executing system process.,System and Communications Protection
254,Wireless Link Protection. Protect external and internal [Assignment: organization-defined wireless links] from the following signal parameter attacks: [Assignment: organization-defined types of signal parameter attacks or references to sources for such attacks].,System and Communications Protection
255,Port and I/O Device Access. [Selection: physically; logically] disable or remove [Assignment: connection ports or input/output devices] on the following systems or system components: [Assignment: systems or system components].,System and Communications Protection
256,"Sensor Capability and Data. Prohibit [Selection: the use of devices possessing [Assignment: environmental sensing capabilities] in [Assignment: facilities, areas, or systems] ; the remote activation of environmental sensing capabilities on organizational systems or system components with the following exceptions: [Assignment: exceptions where remote activation of sensors is allowed] ] ; and Provide an explicit indication of sensor use to [Assignment: group of users].",System and Communications Protection
257,"Usage Restrictions. Establish usage restrictions and implementation guidelines for the following system components: [Assignment: components] ; and Authorize, monitor, and control the use of such components within the system.",System and Communications Protection
258,"Detonation Chambers. Employ a detonation chamber capability within [Assignment: system, system component, or location].",System and Communications Protection
259,System Time Synchronization. Synchronize system clocks within and between systems and system components.,System and Communications Protection
260,Cross Domain Policy Enforcement. Implement a policy enforcement mechanism [Selection: physically; logically] between the physical and/or network interfaces for the connecting security domains.,System and Communications Protection
261,Alternate Communications Paths. Establish [Assignment: alternate communication paths] for system operations organizational command and control.,System and Communications Protection
262,Sensor Relocation. Relocate [Assignment: sensors and monitoring capabilities] to [Assignment: locations] under the following conditions or circumstances: [Assignment: conditions or circumstances].,System and Communications Protection
263,Hardware-enforced Separation and Policy Enforcement. Implement hardware-enforced separation and policy enforcement mechanisms between [Assignment: security domains].,System and Communications Protection
264,Software-enforced Separation and Policy Enforcement. Implement software-enforced separation and policy enforcement mechanisms between [Assignment: security domains].,System and Communications Protection
265,"Hardware-based Protection. Employ hardware-based, write-protect for [Assignment: system firmware components] ; and Implement specific procedures for [Assignment: authorized individuals] to manually disable hardware write-protect for firmware modifications and re-enable the write-protect prior to returning to operational mode.",System and Communications Protection
266,"Policy and Procedures. Develop, document, and disseminate to [Assignment: organization-defined personnel or roles]: [Selection: organization-level; mission/business process-level; system-level] system and information integrity policy that: Procedures to facilitate the implementation of the system and information integrity policy and the associated system and information integrity controls; Designate an [Assignment: official] to manage the development, documentation, and dissemination of the system and information integrity policy and procedures; and Review and update the current system and information integrity: Policy [Assignment: frequency] and following [Assignment: events] ; and Procedures [Assignment: frequency] and following [Assignment: events].",System and Information Integrity
267,"Flaw Remediation. Identify, report, and correct system flaws; Test software and firmware updates related to flaw remediation for effectiveness and potential side effects before installation; Install security-relevant software and firmware updates within [Assignment: time period] of the release of the updates; and Incorporate flaw remediation into the organizational configuration management process.",System and Information Integrity
268,"Malicious Code Protection. Implement [Selection: signature-based; non-signature-based] malicious code protection mechanisms at system entry and exit points to detect and eradicate malicious code; Automatically update malicious code protection mechanisms as new releases are available in accordance with organizational configuration management policy and procedures; Configure malicious code protection mechanisms to: Perform periodic scans of the system [Assignment: frequency] and real-time scans of files from external sources at [Selection: endpoint; network entry and exit points] as the files are downloaded, opened, or executed in accordance with organizational policy; and [Selection: block malicious code; quarantine malicious code; take [Assignment: action] ] ; and send alert to [Assignment: personnel or roles] in response to malicious code detection; and Address the receipt of false positives during malicious code detection and eradication and the resulting potential impact on the availability of the system.",System and Information Integrity
269,"System Monitoring. Monitor the system to detect: Attacks and indicators of potential attacks in accordance with the following monitoring objectives: [Assignment: monitoring objectives] ; and Unauthorized local, network, and remote connections; Identify unauthorized use of the system through the following techniques and methods: [Assignment: techniques and methods]; Invoke internal monitoring capabilities or deploy monitoring devices: Strategically within the system to collect organization-determined essential information; and At ad hoc locations within the system to track specific types of transactions of interest to the organization; Analyze detected events and anomalies; Adjust the level of system monitoring activity when there is a change in risk to organizational operations and assets, individuals, other organizations, or the Nation; Obtain legal opinion regarding system monitoring activities; and Provide [Assignment: system monitoring information] to [Assignment: personnel or roles] [Selection: as needed; [Assignment: frequency] ].",System and Information Integrity
270,"Security Alerts, Advisories, and Directives. Receive system security alerts, advisories, and directives from [Assignment: external organizations] on an ongoing basis; Generate internal security alerts, advisories, and directives as deemed necessary; Disseminate security alerts, advisories, and directives to: [Selection: [Assignment: personnel or roles] ; [Assignment: elements] ; [Assignment: external organizations] ] ; and Implement security directives in accordance with established time frames, or notify the issuing organization of the degree of noncompliance.",System and Information Integrity
271,Security and Privacy Function Verification. Verify the correct operation of [Assignment: organization-defined security and privacy functions]; Perform the verification of the functions specified in SI-6a [Selection: [Assignment: system transitional states] ; upon command by user with appropriate privilege; [Assignment: frequency] ]; Alert [Assignment: personnel or roles] to failed security and privacy verification tests; and [Selection: shut the system down; restart the system; [Assignment: alternative action(s)] ] when anomalies are discovered.,System and Information Integrity
272,"Software, Firmware, and Information Integrity. Employ integrity verification tools to detect unauthorized changes to the following software, firmware, and information: [Assignment: organization-defined software, firmware, and information] ; and Take the following actions when unauthorized changes to the software, firmware, and information are detected: [Assignment: organization-defined actions].",System and Information Integrity
273,Spam Protection. Employ spam protection mechanisms at system entry and exit points to detect and act on unsolicited messages; and Update spam protection mechanisms when new releases are available in accordance with organizational configuration management policy and procedures.,System and Information Integrity
274,Information Input Validation. Check the validity of the following information inputs: [Assignment: information inputs].,System and Information Integrity
275,Error Handling. Generate error messages that provide information necessary for corrective actions without revealing information that could be exploited; and Reveal error messages only to [Assignment: personnel or roles].,System and Information Integrity
276,"Information Management and Retention. Manage and retain information within the system and information output from the system in accordance with applicable laws, executive orders, directives, regulations, policies, standards, guidelines and operational requirements.",System and Information Integrity
277,Predictable Failure Prevention. Determine mean time to failure (MTTF) for the following system components in specific environments of operation: [Assignment: system components] ; and Provide substitute system components and a means to exchange active and standby components in accordance with the following criteria: [Assignment: mean time to failure (MTTF) substitution criteria].,System and Information Integrity
278,Non-persistence. Implement non-persistent [Assignment: system components and services] that are initiated in a known state and terminated [Selection: upon end of session of use; [Assignment: frequency] ].,System and Information Integrity
279,Information Output Filtering. Validate information output from the following software programs and/or applications to ensure that the information is consistent with the expected content: [Assignment: software programs and/or applications].,System and Information Integrity
280,Memory Protection. Implement the following controls to protect the system memory from unauthorized code execution: [Assignment: controls].,System and Information Integrity
281,Fail-safe Procedures. Implement the indicated fail-safe procedures when the indicated failures occur: [Assignment: organization-defined list of failure conditions and associated fail-safe procedures].,System and Information Integrity
282,"Personally Identifiable Information Quality Operations. Check the accuracy, relevance, timeliness, and completeness of personally identifiable information across the information life cycle [Assignment: organization-defined frequency] ; and Correct or delete inaccurate or outdated personally identifiable information.",System and Information Integrity
283,De-identification. Remove the following elements of personally identifiable information from datasets: [Assignment: elements] ; and Evaluate [Assignment: frequency] for effectiveness of de-identification.,System and Information Integrity
284,Tainting. Embed data or capabilities in the following systems or system components to determine if organizational data has been exfiltrated or improperly removed from the organization: [Assignment: systems or system components].,System and Information Integrity
285,Information Refresh. Refresh [Assignment: information] at [Assignment: frequencies] or generate the information on demand and delete the information when no longer needed.,System and Information Integrity
286,Information Diversity. Identify the following alternative sources of information for [Assignment: essential functions and services]: [Assignment: alternative information sources] ; and Use an alternative information source for the execution of essential functions or services on [Assignment: systems or system components] when the primary source of information is corrupted or unavailable.,System and Information Integrity
287,Information Fragmentation. Based on [Assignment: circumstances]: Fragment the following information: [Assignment: information] ; and Distribute the fragmented information across the following systems or system components: [Assignment: systems or system components].,System and Information Integrity
288,"Policy and Procedures. Develop, document, and disseminate to [Assignment: organization-defined personnel or roles]: [Selection: organization-level; mission/business process-level; system-level] supply chain risk management policy that: Procedures to facilitate the implementation of the supply chain risk management policy and the associated supply chain risk management controls; Designate an [Assignment: official] to manage the development, documentation, and dissemination of the supply chain risk management policy and procedures; and Review and update the current supply chain risk management: Policy [Assignment: frequency] and following [Assignment: events] ; and Procedures [Assignment: frequency] and following [Assignment: events].",Supply Chain Risk Management
289,"Supply Chain Risk Management Plan. Develop a plan for managing supply chain risks associated with the research and development, design, manufacturing, acquisition, delivery, integration, operations and maintenance, and disposal of the following systems, system components or system services: [Assignment: systems, system components, or system services]; Review and update the supply chain risk management plan [Assignment: frequency] or as required, to address threat, organizational or environmental changes; and Protect the supply chain risk management plan from unauthorized disclosure and modification.",Supply Chain Risk Management
290,"Supply Chain Controls and Processes. Establish a process or processes to identify and address weaknesses or deficiencies in the supply chain elements and processes of [Assignment: system or system component] in coordination with [Assignment: supply chain personnel]; Employ the following controls to protect against supply chain risks to the system, system component, or system service and to limit the harm or consequences from supply chain-related events: [Assignment: supply chain controls] ; and Document the selected and implemented supply chain processes and controls in [Selection: security and privacy plans; supply chain risk management plan; [Assignment: document] ].",Supply Chain Risk Management
291,"Provenance. Document, monitor, and maintain valid provenance of the following systems, system components, and associated data: [Assignment: systems, system components, and associated data].",Supply Chain Risk Management
292,"Acquisition Strategies, Tools, and Methods. Employ the following acquisition strategies, contract tools, and procurement methods to protect against, identify, and mitigate supply chain risks: [Assignment: strategies, tools, and methods].",Supply Chain Risk Management
293,"Supplier Assessments and Reviews. Assess and review the supply chain-related risks associated with suppliers or contractors and the system, system component, or system service they provide [Assignment: frequency].",Supply Chain Risk Management
294,"Supply Chain Operations Security. Employ the following Operations Security (OPSEC) controls to protect supply chain-related information for the system, system component, or system service: [Assignment: OPSEC controls].",Supply Chain Risk Management
295,"Notification Agreements. Establish agreements and procedures with entities involved in the supply chain for the system, system component, or system service for the [Selection: notification of supply chain compromises; [Assignment: results of assessments or audits] ].",Supply Chain Risk Management
296,"Tamper Resistance and Detection. Implement a tamper protection program for the system, system component, or system service.",Supply Chain Risk Management
297,Inspection of Systems or Components. Inspect the following systems or system components [Selection: at random; at [Assignment: frequency] ; upon [Assignment: indications of need for inspection] ] to detect tampering: [Assignment: systems or system components].,Supply Chain Risk Management
298,Component Authenticity. Develop and implement anti-counterfeit policy and procedures that include the means to detect and prevent counterfeit components from entering the system; and Report counterfeit system components to [Selection: source of counterfeit component; [Assignment: external reporting organizations] ; [Assignment: personnel or roles] ].,Supply Chain Risk Management
299,"Component Disposal. Dispose of [Assignment: data, documentation, tools, or system components] using the following techniques and methods: [Assignment: techniques and methods].",Supply Chain Risk Management
